,open,high,close,low,volume,price_change,p_change,ma5,ma10,ma20,v_ma5,v_ma10,v_ma20,turnover,yeji_eps,yeji_eps_yoy,yeji_bvps,yeji_roe,yeji_epcf,yeji_net_profits,yeji_profits_yoy,yeji_distrib,predict_high
0,18.0,18.07,18.05,17.88,27263.45,0.06,0.33,18.05,18.05,18.05,27263.45,27263.45,27263.45,1.92,0.13,-18.71,,2.99,,10467.04,-18.9,,18.68
1,18.18,18.68,18.37,18.16,41511.84,0.32,1.77,18.21,18.21,18.21,34387.64,34387.64,34387.64,2.92,0.13,-18.71,,2.99,,10467.04,-18.9,,18.58
2,18.35,18.58,18.37,18.35,1141.0,0.0,0.0,18.262999999999998,18.262999999999998,18.262999999999998,23305.43,23305.43,23305.43,0.08,0.13,-18.71,,2.99,,10467.04,-18.9,,18.82
3,18.43,18.82,18.43,18.19,49782.63,0.06,0.33,18.305,18.305,18.305,29924.73,29924.73,29924.73,3.5,0.13,-18.71,,2.99,,10467.04,-18.9,,18.73
4,18.48,18.73,18.63,18.28,34557.79,0.2,1.08,18.37,18.37,18.37,30851.34,30851.34,30851.34,2.43,0.13,-18.71,,2.99,,10467.04,-18.9,,20.49
5,18.68,20.49,20.47,18.21,117466.82,1.84,9.88,18.854,18.72,18.72,48892.02,45287.26,45287.26,8.27,0.13,-18.71,,2.99,,10467.04,-18.9,,21.67
6,19.9,21.67,21.11,19.71,173575.34,0.64,3.13,19.402,19.061,19.061,75304.72,63614.12,63614.12,12.22,0.13,-18.71,,2.99,,10467.04,-18.9,,22.3
7,20.85,22.3,20.63,20.6,141640.73,-0.48,-2.27,19.854,19.258,19.258,103404.66,73367.45,73367.45,9.97,0.13,-18.71,,2.99,,10467.04,-18.9,,21.49
8,20.85,21.49,21.01,20.39,74420.96,0.38,1.84,20.37,19.452,19.452,108332.33,73484.51,73484.51,5.24,0.13,-18.71,,2.99,,10467.04,-18.9,,22.29
9,21.04,22.29,21.41,20.81,103402.77,0.4,1.9,20.926,19.648,19.648,122101.32,76476.33,76476.33,7.28,0.13,-18.71,,2.99,,10467.04,-18.9,,21.73
10,21.5,21.73,20.4,20.2,76997.61,-1.01,-4.72,20.912,19.883,19.715999999999998,114007.48,81449.75,76523.72,5.42,0.13,-18.71,,2.99,,10467.04,-18.9,,20.9
11,20.47,20.9,20.61,20.06,48789.73,0.21,1.03,20.811999999999998,20.107,19.791,89050.36,82177.54,74212.56,3.43,0.13,-18.71,,2.99,,10467.04,-18.9,,20.91
12,20.9,20.91,20.53,20.48,47686.28,-0.08,-0.39,20.791999999999998,20.323,19.848,70259.47,86832.07,72172.07,3.36,0.13,-18.71,,2.99,,10467.04,-18.9,,20.69
13,20.57,20.69,20.16,20.07,47063.96,-0.37,-1.8,20.622,20.496,19.87,64788.07,86560.2,70378.64,3.31,0.13,-18.71,,2.99,,10467.04,-18.9,,20.5
14,20.1,20.5,20.15,19.85,37338.32,-0.01,-0.05,20.37,20.648000000000003,19.889,51575.18,86838.25,68175.95,2.63,0.13,-18.71,,2.99,,10467.04,-18.9,,20.56
15,20.2,20.56,20.54,20.16,30943.12,0.39,1.94,20.398,20.655,19.929000000000002,42364.28,78185.88,65848.9,2.18,0.13,-18.71,,2.99,,10467.04,-18.9,,21.2
16,20.78,21.2,21.0,20.51,54160.25,0.46,2.24,20.476,20.644000000000002,19.992,43438.39,66244.37,65161.33,3.81,0.13,-18.71,,2.99,,10467.04,-18.9,,22.39
17,21.55,22.39,21.91,21.5,111467.82,0.91,4.33,20.752,20.772,20.099,56194.69,63227.08,67733.91,7.85,0.13,-18.71,,2.99,,10467.04,-18.9,,22.66
18,22.0,22.66,22.25,21.6,92739.93,0.34,1.55,21.17,20.896,20.212,65329.89,65058.98,69050.02,6.53,0.13,-18.71,,2.99,,10467.04,-18.9,,22.94
19,22.25,22.94,22.31,21.8,85189.85,0.06,0.27,21.601999999999997,20.986,20.317,74900.19,63237.69,69857.01,6.0,0.13,-18.71,,2.99,,10467.04,-18.9,,22.85
20,22.32,22.85,22.16,22.05,68604.07,-0.15,-0.67,21.926,21.162,20.523000000000003,82432.38,62398.33,71924.04,4.83,0.13,-18.71,,2.99,,10467.04,-18.9,,23.0
21,22.32,23.0,22.9,22.24,105941.04,0.74,3.34,22.305999999999997,21.391,20.749000000000002,92788.54,68113.46,75145.5,7.46,0.13,-18.71,,2.99,,10467.04,-18.9,,23.03
22,22.9,23.03,22.76,21.5,94953.11,-0.14,-0.61,22.476,21.614,20.969,89485.6,72840.15,79836.11,6.68,0.13,-18.71,,2.99,,10467.04,-18.9,,23.6
23,22.7,23.6,22.85,22.45,95306.43,0.09,0.4,22.596,21.883000000000003,21.19,89998.9,77664.39,82112.3,6.71,0.13,-18.71,,2.99,,10467.04,-18.9,,24.46
24,22.87,24.46,23.35,22.87,101451.17,0.5,2.19,22.804000000000002,22.203000000000003,21.426,93251.16,84075.68,85456.97,7.14,0.13,-18.71,,2.99,,10467.04,-18.9,,24.98
25,23.47,24.98,24.71,23.0,145386.23,1.36,5.82,23.314,22.62,21.638,108607.6,95519.99,86852.94,10.23,0.13,-18.71,,2.99,,10467.04,-18.9,,26.98
26,24.98,26.98,25.92,24.75,172424.27,1.21,4.9,23.918000000000003,23.112,21.878,121904.24,107346.39,86795.38,12.14,0.13,-18.71,,2.99,,10467.04,-18.9,,26.0
27,25.97,26.0,24.88,24.59,118187.11,-1.04,-4.01,24.342,23.409000000000002,22.090999999999998,126551.04,108018.32,85622.7,8.32,0.13,-18.71,,2.99,,10467.04,-18.9,,24.98
28,24.79,24.98,24.83,24.45,75948.45,-0.05,-0.2,24.738000000000003,23.666999999999998,22.281999999999996,122679.45,106339.17,85699.08,5.35,0.13,-18.71,,2.99,,10467.04,-18.9,,24.93
29,24.84,24.93,24.63,24.5,68548.01,-0.2,-0.81,24.994,23.899,22.443,116098.81,104674.99,83956.34,4.83,0.13,-18.71,,2.99,,10467.04,-18.9,,25.17
30,24.35,25.17,25.15,24.25,79559.54,0.52,2.11,25.081999999999997,24.198,22.68,102933.48,105770.54,84084.43,5.6,0.13,-18.71,,2.99,,10467.04,-18.9,,25.48
31,25.2,25.48,25.37,24.81,95744.42,0.22,0.88,24.971999999999998,24.445,22.918000000000003,87597.51,104750.87,86432.17,6.74,0.13,-18.71,,2.99,,10467.04,-18.9,,25.58
32,25.58,25.58,24.55,24.25,90004.08,-0.82,-3.23,24.906,24.624000000000002,23.119,81960.9,104255.97,88548.06,6.34,0.13,-18.71,,2.99,,10467.04,-18.9,,26.8
33,25.35,26.8,25.49,24.61,143303.84,0.94,3.83,25.038,24.888,23.386,95431.98,109055.71,93360.05,10.09,0.13,-18.71,,2.99,,10467.04,-18.9,,25.48
34,25.48,25.48,24.93,24.65,93256.28,-0.56,-2.2,25.098000000000003,25.046,23.625,100373.63,108236.22,96155.95,6.56,0.13,-18.71,,2.99,,10467.04,-18.9,,25.08
35,24.89,25.08,24.96,23.94,84857.88,0.03,0.12,25.06,25.070999999999998,23.846,101433.3,102183.39,98851.69,5.97,0.13,-18.71,,2.99,,10467.04,-18.9,,26.0
36,24.98,26.0,25.38,24.85,123037.72,0.42,1.68,25.061999999999998,25.017,24.065,106891.96,97244.73,102295.56,8.66,0.13,-18.71,,2.99,,10467.04,-18.9,,25.38
37,25.38,25.38,24.19,24.09,75511.22,-1.19,-4.69,24.99,24.948,24.179000000000002,103993.39,92977.14,100497.73,5.32,0.13,-18.71,,2.99,,10467.04,-18.9,,24.48
38,23.98,24.48,23.94,23.35,57610.81,-0.25,-1.03,24.68,24.859,24.263,86854.78,91143.38,98741.28,4.06,0.13,-18.71,,2.99,,10467.04,-18.9,,25.6
39,24.21,25.6,24.89,24.2,93314.43,0.95,3.97,24.671999999999997,24.885,24.392,86866.41,93620.02,99147.51,6.57,0.13,-18.71,,2.99,,10467.04,-18.9,,26.87
40,24.98,26.87,26.35,24.98,186927.16,1.46,5.87,24.95,25.005,24.601999999999997,107280.27,104356.78,105063.66,13.16,0.13,-18.71,,2.99,,10467.04,-18.9,,26.24
41,26.24,26.24,25.76,25.01,91949.72,-0.59,-2.24,25.026,25.044,24.745,101062.67,103977.31,104364.09,6.47,0.13,-18.71,,2.99,,10467.04,-18.9,,26.4
42,25.51,26.4,26.19,25.51,111768.79,0.43,1.67,25.426,25.208000000000002,24.916,108314.18,106153.79,105204.88,7.87,0.13,-18.71,,2.99,,10467.04,-18.9,,26.33
43,26.19,26.33,25.56,25.4,91409.23,-0.63,-2.4,25.75,25.215,25.052,115073.87,100964.32,105010.02,6.43,0.13,-18.71,,2.99,,10467.04,-18.9,,27.99
44,24.92,27.99,26.84,24.75,162016.39,1.28,5.01,26.14,25.406,25.226,128814.26,107840.34,108038.28,11.4,0.13,-18.71,,2.99,,10467.04,-18.9,,29.52
45,27.25,29.52,28.76,27.25,199936.06,1.92,7.15,26.622,25.785999999999998,25.429000000000002,131416.04,119348.15,110765.77,14.07,0.13,-18.71,,2.99,,10467.04,-18.9,,28.33
46,28.33,28.33,26.7,26.7,114053.53,-2.06,-7.16,26.81,25.918000000000003,25.468000000000004,135836.8,118449.73,107847.23,8.03,0.13,-18.71,,2.99,,10467.04,-18.9,,27.47
47,26.48,27.47,26.87,25.76,72765.74,0.17,0.64,26.945999999999998,26.186,25.566999999999997,128036.19,118175.19,105576.17,5.12,0.29,-20.82,,5.64,,24599.77,-19.0,,27.29
48,27.01,27.29,26.22,26.21,52345.42,-0.65,-2.42,27.078000000000003,26.414,25.636999999999997,120223.43,117648.65,104396.01,3.68,0.29,-20.82,,5.64,,24599.77,-19.0,,26.17
49,26.1,26.17,25.76,25.5,46167.24,-0.46,-1.75,26.862,26.500999999999998,25.693,97053.6,112933.93,103276.98,3.25,0.29,-20.82,,5.64,,24599.77,-19.0,,26.44
50,25.76,26.44,25.11,25.08,54490.18,-0.65,-2.52,26.131999999999998,26.377,25.691,67964.42,99690.23,102023.51,3.84,0.29,-20.82,,5.64,,24599.77,-19.0,,25.45
51,25.11,25.45,23.81,23.5,50649.65,-1.3,-5.18,25.554000000000002,26.182,25.613000000000003,55283.65,95560.22,99768.77,3.57,0.29,-20.82,,5.64,,24599.77,-19.0,,23.97
52,23.79,23.97,22.99,22.96,40474.8,-0.82,-3.44,24.778000000000002,25.862,25.535,48825.46,88430.82,97292.3,2.85,0.29,-20.82,,5.64,,24599.77,-19.0,,23.95
53,23.2,23.95,23.65,23.17,39141.17,0.66,2.87,24.264,25.671,25.443,46184.61,83204.02,92084.17,2.76,0.29,-20.82,,5.64,,24599.77,-19.0,,24.84
54,23.87,24.84,24.61,23.69,45092.83,1.03,4.37,24.034000000000002,25.448,25.427,45969.73,71511.66,89676.0,3.17,0.29,-20.82,,5.64,,24599.77,-19.0,,24.75
55,24.65,24.75,24.59,24.24,58428.39,-0.02,-0.08,23.93,25.031,25.409000000000002,46757.37,57360.9,88354.52,4.11,0.29,-20.82,,5.64,,24599.77,-19.0,,24.94
56,24.55,24.94,24.62,24.14,59187.89,0.03,0.12,24.092,24.823,25.371,48465.02,51874.33,85162.03,4.17,0.29,-20.82,,5.64,,24599.77,-19.0,,25.33
57,24.65,25.33,25.31,24.58,59367.94,0.69,2.8,24.555999999999997,24.666999999999998,25.427,52243.64,50534.55,84354.87,4.18,0.29,-20.82,,5.64,,24599.77,-19.0,,25.48
58,25.08,25.48,24.4,24.32,48580.93,-0.91,-3.6,24.706,24.485,25.45,54131.6,50158.1,83903.37,3.42,0.29,-20.82,,5.64,,24599.77,-19.0,,25.31
59,24.36,25.31,24.88,23.46,56177.95,0.48,1.97,24.76,24.397,25.449,56348.62,51159.17,82046.55,3.95,0.29,-20.82,,5.64,,24599.77,-19.0,,26.86
60,25.58,26.86,26.7,25.58,125719.73,1.82,7.32,25.182,24.555999999999997,25.467,69806.89,58282.13,78986.18,8.85,0.29,-20.82,,5.64,,24599.77,-19.0,,27.39
61,26.0,27.39,26.49,26.0,122826.29,-0.21,-0.79,25.555999999999997,24.824,25.503,82534.57,65499.79,80530.01,8.65,0.29,-20.82,,5.64,,24599.77,-19.0,,27.24
62,26.45,27.24,27.18,26.25,94512.65,0.69,2.6,25.93,25.243000000000002,25.553,89563.51,70903.58,79667.2,6.65,0.29,-20.82,,5.64,,24599.77,-19.0,,27.55
63,27.2,27.55,26.86,26.35,90794.69,-0.32,-1.18,26.421999999999997,25.564,25.618000000000002,98006.26,76068.93,79636.47,6.39,0.29,-20.82,,5.64,,24599.77,-19.0,,28.48
64,26.89,28.48,28.05,26.68,137944.98,1.19,4.43,27.055999999999997,25.908,25.678,114359.67,85354.14,78432.9,9.71,0.29,-20.82,,5.64,,24599.77,-19.0,,29.38
65,28.1,29.38,28.81,27.22,146778.78,0.76,2.71,27.478,26.33,25.680999999999997,118571.48,94189.18,75775.04,10.33,0.29,-20.82,,5.64,,24599.77,-19.0,,28.88
66,28.83,28.88,27.78,27.65,100582.03,-1.03,-3.58,27.736,26.646,25.735,114122.63,98328.6,75101.46,7.08,0.29,-20.82,,5.64,,24599.77,-19.0,,27.78
67,27.62,27.78,25.01,25.0,123091.68,-2.77,-9.97,27.302,26.616,25.642,119838.43,104700.97,77617.76,8.66,0.29,-20.82,,5.64,,24599.77,-19.0,,25.79
68,24.98,25.79,24.89,23.43,74321.44,-0.12,-0.48,26.908,26.665,25.575,116543.78,107275.02,78716.56,5.23,0.29,-20.82,,5.64,,24599.77,-19.0,,27.38
69,24.89,27.38,27.38,24.89,83652.88,2.49,10.0,26.774,26.915,25.656,105685.36,110022.52,80590.84,5.89,0.29,-20.82,,5.64,,24599.77,-19.0,,29.78
70,29.0,29.78,28.51,27.88,162378.72,1.13,4.13,26.714000000000002,27.096,25.826,108805.35,113688.41,85985.27,11.43,0.29,-20.82,,5.64,,24599.77,-19.0,,28.45
71,28.24,28.45,27.4,26.8,97758.36,-1.11,-3.89,26.638,27.186999999999998,26.006,108240.62,111181.62,88340.71,6.88,0.29,-20.82,,5.64,,24599.77,-19.0,,29.6
72,27.39,29.6,29.38,26.23,140683.55,1.98,7.23,27.511999999999997,27.406999999999996,26.325,111758.99,115798.71,93351.14,9.9,0.29,-20.82,,5.64,,24599.77,-19.0,,29.73
73,29.5,29.73,28.88,28.41,123874.87,-0.5,-1.7,28.31,27.609,26.587,121669.68,119106.73,97587.83,8.72,0.29,-20.82,,5.64,,24599.77,-19.0,,28.98
74,28.9,28.98,28.2,27.6,77211.96,-0.68,-2.35,28.474,27.624000000000002,26.766,120381.49,113033.43,99193.79,5.44,0.29,-20.82,,5.64,,24599.77,-19.0,,28.99
75,28.13,28.99,28.45,27.72,66040.01,0.25,0.89,28.462,27.588,26.959,101113.75,104959.55,99574.37,4.65,0.29,-20.82,,5.64,,24599.77,-19.0,,29.9
76,29.9,29.9,28.22,28.01,93284.75,-0.23,-0.81,28.625999999999998,27.631999999999998,27.139,100219.03,104229.82,101279.21,6.57,0.29,-20.82,,5.64,,24599.77,-19.0,,28.28
77,28.0,28.28,27.88,27.61,75035.88,-0.34,-1.21,28.326,27.919,27.268,87089.49,99424.24,102062.61,5.28,0.29,-20.82,,5.64,,24599.77,-19.0,,29.9
78,27.8,29.9,29.26,27.76,144397.3,1.38,4.95,28.401999999999997,28.355999999999998,27.511,91193.98,106431.83,106853.43,10.16,0.29,-20.82,,5.64,,24599.77,-19.0,,31.8
79,29.44,31.8,30.45,29.0,246237.11,1.19,4.07,28.851999999999997,28.663,27.789,124999.01,122690.25,116356.38,17.33,0.29,-20.82,,5.64,,24599.77,-19.0,,30.81
80,30.51,30.81,29.07,27.42,130056.6,-1.38,-4.53,28.976,28.719,27.908,137802.33,119458.04,116573.23,9.16,0.29,-20.82,,5.64,,24599.77,-19.0,,28.97
81,28.5,28.97,27.1,27.0,83471.13,-1.97,-6.78,28.752,28.689,27.938000000000002,135839.6,118029.32,114605.47,5.88,0.29,-20.82,,5.64,,24599.77,-19.0,,26.45
82,26.45,26.45,24.39,24.39,62005.64,-2.71,-10.0,28.054000000000002,28.19,27.799,133233.56,110161.53,112980.12,4.36,0.29,-20.82,,5.64,,24599.77,-19.0,,24.98
83,24.2,24.98,24.01,21.95,53924.6,-0.38,-1.56,27.004,27.703000000000003,27.656,115139.02,103166.5,111136.61,3.8,0.29,-20.82,,5.64,,24599.77,-19.0,,25.69
84,24.5,25.69,25.6,24.39,66770.3,1.59,6.62,26.034000000000002,27.443,27.534000000000002,79245.65,102122.33,107577.88,4.7,0.29,-20.82,,5.64,,24599.77,-19.0,,25.8
85,25.5,25.8,24.1,23.89,59830.79,-1.5,-5.86,25.04,27.008000000000003,27.298000000000002,65200.49,101501.41,103230.48,4.21,0.29,-20.82,,5.64,,24599.77,-19.0,,23.01
86,23.0,23.01,21.69,21.69,54483.88,-2.41,-10.0,23.958000000000002,26.355,26.994,59403.04,97621.32,100925.57,3.84,0.29,-20.82,,5.64,,24599.77,-19.0,,22.99
87,22.51,22.99,19.77,19.52,61366.61,-1.92,-8.85,23.034000000000002,25.544,26.732,59275.24,96254.4,97839.32,4.32,0.29,-20.82,,5.64,,24599.77,-19.0,,21.33
88,19.86,21.33,21.27,18.3,68622.19,1.5,7.59,22.486,24.745,26.551,62214.75,88676.89,97554.36,4.83,0.29,-20.82,,5.64,,24599.77,-19.0,,22.09
89,21.27,22.09,20.16,19.88,58681.24,-1.11,-5.22,21.398000000000003,23.715999999999998,26.19,60596.94,69921.3,96305.77,4.13,0.29,-20.82,,5.64,,24599.77,-19.0,,20.69
90,19.84,20.69,18.33,18.16,56120.39,-1.83,-9.08,20.244,22.642,25.680999999999997,59854.86,62527.68,90992.86,3.95,0.29,-20.82,,5.64,,24599.77,-19.0,,18.62
91,17.8,18.62,16.5,16.5,58389.6,-1.83,-9.98,19.206,21.581999999999997,25.136,60636.01,60019.52,89024.42,4.11,0.29,-20.82,,5.64,,24599.77,-19.0,,18.15
92,18.15,18.15,17.6,15.25,74429.38,1.1,6.67,18.772000000000002,20.903000000000002,24.546999999999997,63248.56,61261.9,85711.71,5.24,0.29,-20.82,,5.64,,24599.77,-19.0,,17.4
93,16.8,17.4,16.19,15.84,74969.49,-1.41,-8.01,17.756,20.121,23.912,64518.02,63366.39,83266.44,5.28,0.29,-20.82,,5.64,,24599.77,-19.0,,17.27
94,14.57,17.27,16.57,14.57,116347.94,0.38,2.35,17.038,19.218,23.331,76051.36,68324.15,85223.24,8.19,0.29,-20.82,,5.64,,24599.77,-19.0,,18.23
95,16.9,18.23,18.23,16.57,58397.81,1.66,10.02,17.018,18.631,22.82,76506.84,68180.85,84841.13,4.11,0.29,-20.82,,5.64,,24599.77,-19.0,,20.05
96,18.8,20.05,20.05,18.79,59858.84,1.82,9.98,17.727999999999998,18.467,22.410999999999998,76800.69,68718.35,83169.84,4.21,0.29,-20.82,,5.64,,24599.77,-19.0,,22.06
97,20.93,22.06,22.06,20.31,94285.08,2.01,10.03,18.62,18.695999999999998,22.12,80771.83,72010.2,84132.3,6.64,0.29,-20.82,,5.64,,24599.77,-19.0,,22.58
98,21.2,22.58,21.0,20.76,93616.8,-1.06,-4.8,19.582,18.669,21.706999999999997,84501.29,74509.66,81593.27,6.59,0.29,-20.82,,5.64,,24599.77,-19.0,,20.59
99,20.5,20.59,18.9,18.9,56103.34,-2.1,-10.0,20.048,18.543,21.13,72452.37,74251.87,72086.58,3.95,0.29,-20.82,,5.64,,24599.77,-19.0,,19.92
100,18.9,19.92,19.32,18.9,41390.62,0.42,2.22,20.266,18.642,20.642,69050.94,72778.89,67653.28,2.91,0.29,-20.82,,5.64,,24599.77,-19.0,,20.95
101,19.58,20.95,20.59,19.51,40448.54,1.27,6.57,20.374000000000002,19.051,20.317,65168.88,70984.78,65502.15,2.85,0.29,-20.82,,5.64,,24599.77,-19.0,,21.06
102,20.66,21.06,20.57,20.16,42327.39,-0.02,-0.1,20.076,19.348,20.125999999999998,54777.34,67774.58,64518.24,2.98,0.29,-20.82,,5.64,,24599.77,-19.0,,21.2
103,20.5,21.2,20.91,20.0,43168.14,0.34,1.65,20.058,19.82,19.971,44687.61,64594.45,63980.42,3.04,0.29,-20.82,,5.64,,24599.77,-19.0,,20.97
104,20.8,20.97,20.62,20.24,34118.27,-0.29,-1.39,20.402,20.225,19.722,40290.59,56371.48,62347.82,2.4,0.29,-20.82,,5.64,,24599.77,-19.0,,21.36
105,20.6,21.36,21.29,20.6,45629.88,0.67,3.25,20.796,20.531,19.581,41138.44,55094.69,61637.77,3.21,0.29,-20.82,,5.64,,24599.77,-19.0,,21.99
106,21.5,21.99,20.99,20.76,60620.78,-0.3,-1.41,20.875999999999998,20.625,19.546,45172.89,55170.88,61944.62,4.27,0.29,-20.82,,5.64,,24599.77,-19.0,,20.96
107,20.54,20.96,18.89,18.89,41124.57,-2.1,-10.01,20.54,20.308,19.502,44932.33,49854.83,60932.51,2.89,0.29,-20.82,,5.64,,24599.77,-19.0,,19.92
108,18.5,19.92,19.6,17.15,61680.37,0.71,3.76,20.278,20.168,19.419,48634.77,46661.19,60585.42,4.34,0.29,-20.82,,5.64,,24599.77,-19.0,,21.56
109,19.81,21.56,21.56,19.69,65697.75,1.96,10.0,20.465999999999998,20.434,19.489,54950.67,47620.63,60936.25,4.62,0.29,-20.82,,5.64,,24599.77,-19.0,,22.54
110,21.99,22.54,20.71,20.63,93050.76,-0.85,-3.94,20.35,20.573,19.608,64434.85,52786.65,62782.77,6.55,0.29,-20.82,,5.64,,24599.77,-19.0,,21.5
111,20.29,21.5,21.43,20.29,52402.22,0.72,3.48,20.438,20.656999999999996,19.854,62791.13,53982.01,62483.4,3.69,0.29,-20.82,,5.64,,24599.77,-19.0,,21.8
112,20.9,21.8,21.78,20.55,41551.85,0.35,1.63,21.016,20.778000000000002,20.063,62876.59,53904.46,60839.52,2.92,0.29,-20.82,,5.64,,24599.77,-19.0,,23.61
113,21.93,23.61,22.88,21.31,67791.49,1.1,5.05,21.671999999999997,20.975,20.398,64098.81,56366.79,60480.62,4.77,0.29,-20.82,,5.64,,24599.77,-19.0,,22.84
114,22.4,22.84,21.79,21.7,48959.79,-1.09,-4.76,21.718000000000004,21.092,20.659000000000002,60751.22,57850.95,57111.21,3.45,0.29,-20.82,,5.64,,24599.77,-19.0,,22.23
115,21.14,22.23,21.28,21.14,27685.74,-0.51,-2.34,21.831999999999997,21.090999999999998,20.811,47678.22,56056.53,55575.61,1.95,0.29,-20.82,,5.64,,24599.77,-19.0,,22.0
116,21.55,22.0,21.64,21.18,27784.21,0.36,1.69,21.874000000000002,21.156,20.891,42754.62,52772.88,53971.88,1.96,0.29,-20.82,,5.64,,24599.77,-19.0,,23.2
117,21.88,23.2,22.63,21.61,51359.54,0.99,4.58,22.044,21.53,20.919,44716.15,53796.37,51825.6,3.62,0.29,-20.82,,5.64,,24599.77,-19.0,,22.86
118,22.51,22.86,22.46,22.3,51034.79,-0.17,-0.75,21.96,21.816,20.991999999999997,41364.81,52731.81,49696.5,3.59,0.29,-20.82,,5.64,,24599.77,-19.0,,22.54
119,22.35,22.54,21.7,21.7,28518.12,-0.76,-3.38,21.941999999999997,21.83,21.131999999999998,37276.48,49013.85,48317.24,2.01,0.29,-20.82,,5.64,,24599.77,-19.0,,22.0
120,21.2,22.0,21.97,21.2,26496.11,0.27,1.24,22.08,21.956,21.265,37038.55,42358.39,47572.52,1.87,0.29,-20.82,,5.64,,24599.77,-19.0,,22.58
121,22.0,22.58,21.98,21.92,30462.64,0.01,0.05,22.148000000000003,22.011,21.334,37574.24,40164.43,47073.22,2.14,0.29,-20.82,,5.64,,24599.77,-19.0,,22.66
122,21.93,22.66,22.58,21.7,34667.56,0.6,2.73,22.138,22.090999999999998,21.435,34235.84,39476.0,46690.23,2.44,0.29,-20.82,,5.64,,24599.77,-19.0,,22.96
123,22.68,22.96,20.32,20.32,47378.26,-2.26,-10.01,21.71,21.835,21.405,33504.54,37434.68,46900.74,3.34,0.29,-20.82,,5.64,,24599.77,-19.0,,20.95
124,19.64,20.95,20.61,19.01,26912.14,0.29,1.43,21.491999999999997,21.717,21.405,33183.34,35229.91,46540.43,1.89,0.4,-33.33,,6.67,,35240.51,-29.06,,22.48
125,20.61,22.48,21.41,19.8,46645.57,0.8,3.88,21.38,21.73,21.410999999999998,37213.23,37125.89,46591.21,3.28,0.4,-33.33,,6.67,,35240.51,-29.06,,22.41
126,20.65,22.41,19.9,19.86,34191.61,-1.51,-7.05,20.964000000000002,21.555999999999997,21.355999999999998,37959.03,37766.63,45269.75,2.41,0.4,-33.33,,6.67,,35240.51,-29.06,,19.5
127,18.71,19.5,17.91,17.91,22648.38,-1.99,-10.0,20.03,21.084,21.307,35555.19,34895.52,44345.94,1.59,0.4,-33.33,,6.67,,35240.51,-29.06,,16.5
128,16.13,16.5,16.12,16.12,19958.41,-1.79,-9.99,19.19,20.45,21.133000000000003,30071.22,31787.88,42259.85,1.4,0.4,-33.33,,6.67,,35240.51,-29.06,,16.58
129,16.28,16.58,14.9,14.51,39043.57,-1.22,-7.57,18.048,19.77,20.8,32497.51,32840.43,40927.14,2.75,0.4,-33.33,,6.67,,35240.51,-29.06,,15.78
130,15.4,15.78,15.53,14.68,21458.21,0.63,4.23,16.872,19.125999999999998,20.541,27460.04,32336.64,37347.51,1.51,0.4,-33.33,,6.67,,35240.51,-29.06,,16.6
131,15.95,16.6,16.57,15.69,27442.98,1.04,6.7,16.206,18.585,20.298,26110.31,32034.67,36099.55,1.93,0.4,-33.33,,6.67,,35240.51,-29.06,,16.99
132,16.71,16.99,16.98,16.0,33557.88,0.41,2.47,16.02,18.025,20.058,28292.21,31923.7,35699.85,2.36,0.4,-33.33,,6.67,,35240.51,-29.06,,16.9
133,16.9,16.9,15.38,15.3,23040.15,-1.6,-9.42,15.872,17.531,19.683,28908.56,29489.89,33462.28,1.62,0.4,-33.33,,6.67,,35240.51,-29.06,,16.24
134,14.98,16.24,16.24,14.5,32902.83,0.86,5.59,16.14,17.094,19.406,27680.41,30088.96,32659.44,2.32,0.4,-33.33,,6.67,,35240.51,-29.06,,17.05
135,16.26,17.05,16.29,16.06,19044.03,0.05,0.31,16.292,16.582,19.156,27197.57,27328.81,32227.35,1.34,0.4,-33.33,,6.67,,35240.51,-29.06,,16.81
136,16.29,16.81,16.76,15.52,14809.3,0.47,2.88,16.33,16.268,18.912,24670.84,25390.57,31578.6,1.04,0.4,-33.33,,6.67,,35240.51,-29.06,,17.35
137,16.76,17.35,17.18,16.69,25558.71,0.42,2.51,16.37,16.195,18.64,23071.0,25681.61,30288.56,1.8,0.4,-33.33,,6.67,,35240.51,-29.06,,17.18
138,17.18,17.18,16.63,16.56,13857.05,-0.55,-3.2,16.62,16.246,18.348,21234.38,25071.47,28429.68,0.98,0.4,-33.33,,6.67,,35240.51,-29.06,,17.0
139,16.53,17.0,16.99,16.35,18247.94,0.36,2.17,16.77,16.455,18.113,18303.41,22991.91,27916.17,1.28,0.4,-33.33,,6.67,,35240.51,-29.06,,17.3
140,17.1,17.3,15.29,15.29,20809.64,-1.7,-10.01,16.57,16.430999999999997,17.779,18656.53,22927.05,27631.84,1.46,0.4,-33.33,,6.67,,35240.51,-29.06,,15.38
141,15.01,15.38,15.1,14.51,21399.4,-0.19,-1.24,16.238,16.284000000000002,17.435,19974.55,22322.69,27178.68,1.51,0.4,-33.33,,6.67,,35240.51,-29.06,,16.61
142,15.12,16.61,16.61,15.12,26078.01,1.51,10.0,16.124000000000002,16.247,17.136,20078.41,21574.71,26749.2,1.84,0.4,-33.33,,6.67,,35240.51,-29.06,,17.2
143,16.5,17.2,16.34,16.2,37218.96,-0.27,-1.63,16.066,16.343,16.937,24750.79,22992.59,26241.24,2.62,0.4,-33.33,,6.67,,35240.51,-29.06,,17.2
144,16.45,17.2,16.85,15.78,36543.64,0.51,3.12,16.038,16.404,16.749000000000002,28409.93,23356.67,26722.81,2.57,0.4,-33.33,,6.67,,35240.51,-29.06,,17.47
145,16.5,17.47,17.13,16.12,39572.1,0.28,1.66,16.406,16.488,16.535,32162.42,25409.48,26369.14,2.79,0.4,-33.33,,6.67,,35240.51,-29.06,,17.24
146,17.14,17.24,16.83,16.68,27465.99,-0.3,-1.75,16.752,16.495,16.382,33375.74,26675.14,26032.86,1.93,0.4,-33.33,,6.67,,35240.51,-29.06,,16.78
147,16.35,16.78,16.31,16.23,16603.08,-0.52,-3.09,16.692,16.408,16.302,31480.75,25779.58,25730.59,1.17,0.4,-33.33,,6.67,,35240.51,-29.06,,16.99
148,16.51,16.99,16.53,16.35,15687.57,0.22,1.35,16.73,16.398,16.322,27174.48,25962.63,25517.05,1.1,0.4,-33.33,,6.67,,35240.51,-29.06,,16.5
149,16.46,16.5,15.57,15.39,18531.13,-0.96,-5.81,16.474,16.256,16.355999999999998,23571.97,25990.95,24491.43,1.3,0.4,-33.33,,6.67,,35240.51,-29.06,,16.2
150,15.59,16.2,16.2,15.48,13665.06,0.63,4.05,16.288,16.347,16.389,18390.57,25276.49,24101.77,0.96,0.4,-33.33,,6.67,,35240.51,-29.06,,16.09
151,16.02,16.09,16.09,15.5,12005.78,-0.11,-0.68,16.14,16.445999999999998,16.365,15298.52,24337.13,23329.91,0.85,0.4,-33.33,,6.67,,35240.51,-29.06,,16.18
152,15.86,16.18,16.12,15.66,8777.0,0.03,0.19,16.102,16.397000000000002,16.322,13733.31,22607.03,22090.87,0.62,0.4,-33.33,,6.67,,35240.51,-29.06,,16.1
153,16.05,16.1,16.1,15.99,124.0,-0.02,-0.12,16.016,16.373,16.358,10620.59,18897.54,20945.06,0.01,0.4,-33.33,,6.67,,35240.51,-29.06,,16.88
154,16.66,16.88,16.78,16.3,23877.13,0.66,4.09,16.258,16.366,16.385,11689.79,17630.88,20493.78,1.68,0.4,-33.33,,6.67,,35240.51,-29.06,,17.08
155,16.66,17.08,16.97,16.52,25771.91,0.19,1.13,16.412,16.35,16.419,14111.16,16250.87,20830.17,1.81,0.4,-33.33,,6.67,,35240.51,-29.06,,18.25
156,16.9,18.25,17.75,16.8,39722.72,0.78,4.6,16.744,16.442,16.469,19654.55,17476.54,22075.84,2.8,0.4,-33.33,,6.67,,35240.51,-29.06,,18.48
157,17.48,18.48,18.27,17.4,47910.53,0.52,2.93,17.174,16.637999999999998,16.523,27481.26,20607.28,23193.43,3.37,0.4,-33.33,,6.67,,35240.51,-29.06,,18.19
158,18.0,18.19,17.68,17.53,30358.55,-0.59,-3.23,17.49,16.753,16.576,33528.17,22074.38,24018.51,2.14,0.4,-33.33,,6.67,,35240.51,-29.06,,19.0
159,17.5,19.0,18.76,17.49,48792.07,1.08,6.11,17.886,17.072,16.664,38511.16,25100.48,25545.71,3.43,0.4,-33.33,,6.67,,35240.51,-29.06,,20.64
160,18.75,20.64,20.64,18.5,74735.14,1.88,10.02,18.62,17.516,16.932000000000002,48303.8,31207.48,28241.99,5.26,0.4,-33.33,,6.67,,35240.51,-29.06,,20.93
161,20.5,20.93,20.36,19.75,55249.33,-0.28,-1.36,19.142,17.942999999999998,17.195,51409.12,35531.84,29934.48,3.89,0.4,-33.33,,6.67,,35240.51,-29.06,,20.39
162,20.02,20.39,20.3,19.85,35318.54,-0.06,-0.29,19.548,18.361,17.379,48890.73,38185.99,30396.51,2.49,0.4,-33.33,,6.67,,35240.51,-29.06,,21.46
163,20.89,21.46,18.54,18.31,73626.56,-1.76,-8.67,19.72,18.605,17.489,57544.33,45536.25,32216.89,5.18,0.4,-33.33,,6.67,,35240.51,-29.06,,20.08
164,18.65,20.08,20.0,18.65,52557.83,1.46,7.88,19.968,18.927,17.647000000000002,58297.48,48404.32,33017.6,3.7,0.4,-33.33,,6.67,,35240.51,-29.06,,21.28
165,19.73,21.28,20.69,19.42,83518.91,0.69,3.45,19.977999999999998,19.299,17.825,60054.23,54179.02,35214.94,5.88,0.4,-33.33,,6.67,,35240.51,-29.06,,22.46
166,20.94,22.46,22.0,20.18,91364.95,1.31,6.33,20.305999999999997,19.724,18.083,67277.36,59343.24,38409.89,6.43,0.4,-33.33,,6.67,,35240.51,-29.06,,23.55
167,21.7,23.55,22.78,21.0,85325.9,0.78,3.54,20.802,20.175,18.407,77278.83,63084.78,41846.03,6.01,0.4,-33.33,,6.67,,35240.51,-29.06,,23.11
168,22.6,23.11,21.61,21.3,62824.16,-1.17,-5.14,21.416,20.568,18.660999999999998,75118.35,66331.34,44202.86,4.42,0.4,-33.33,,6.67,,35240.51,-29.06,,22.45
169,21.83,22.45,21.96,21.68,44359.87,0.35,1.62,21.808000000000003,20.888,18.98,73478.76,65888.12,45494.3,3.12,0.44,-38.35,,7.28,,39431.58,-33.9,10派0.62,24.16
170,23.23,24.16,24.16,22.88,127499.65,2.2,10.02,22.502,21.24,19.378,82274.91,71164.57,51186.03,8.98,0.44,-38.35,,7.28,,39431.58,-33.9,10派0.62,25.08
171,23.6,25.08,24.43,23.28,140175.91,0.27,1.12,22.988000000000003,21.647,19.795,92037.1,79657.23,57594.53,9.87,0.44,-38.35,,7.28,,39431.58,-33.9,10派0.62,24.5
172,23.75,24.5,24.01,23.51,58321.82,-0.42,-1.72,23.234,22.018,20.19,86636.28,81957.56,60071.77,4.11,0.44,-38.35,,7.28,,39431.58,-33.9,10派0.62,25.28
173,23.98,25.28,25.12,23.65,105748.17,1.11,4.62,23.936,22.676,20.641,95221.08,85169.72,65352.98,7.44,0.44,-38.35,,7.28,,39431.58,-33.9,10派0.62,25.98
174,25.98,25.98,24.43,24.11,118968.46,-0.69,-2.75,24.43,23.119,21.023000000000003,110142.8,91810.78,70107.55,8.37,0.44,-38.35,,7.28,,39431.58,-33.9,10派0.62,24.25
175,24.25,24.25,24.0,23.55,101008.04,-0.43,-1.76,24.398000000000003,23.45,21.375,104844.48,93559.69,73869.36,7.11,0.44,-38.35,,7.28,,39431.58,-33.9,10派0.62,23.88
176,23.45,23.88,23.41,22.48,106720.86,-0.59,-2.46,24.194000000000003,23.590999999999998,21.658,98153.47,95095.28,77219.26,7.51,0.44,-38.35,,7.28,,39431.58,-33.9,10派0.62,23.75
177,23.41,23.75,22.02,22.02,137064.3,-1.39,-5.94,23.796,23.515,21.845,113901.97,100269.12,81676.95,9.65,0.44,-38.35,,7.28,,39431.58,-33.9,10派0.62,23.0
178,22.38,23.0,22.98,22.25,101951.34,0.96,4.36,23.368000000000002,23.651999999999997,22.11,113142.6,104181.84,85256.59,7.18,0.44,-38.35,,7.28,,39431.58,-33.9,10派0.62,23.5
179,23.03,23.5,23.23,22.61,97476.87,0.25,1.09,23.128,23.779,22.334,108844.28,109493.54,87690.83,6.86,0.44,-38.35,,7.28,,39431.58,-33.9,10派0.62,24.08
180,23.39,24.08,23.83,23.11,118359.41,0.6,2.58,23.094,23.746,22.493000000000002,112314.56,108579.52,89872.04,8.33,0.44,-38.35,,7.28,,39431.58,-33.9,10派0.62,23.4
181,23.15,23.4,23.08,22.58,73462.97,-0.75,-3.15,23.028000000000002,23.611,22.629,105662.98,101908.22,90782.73,5.17,0.44,-38.35,,7.28,,39431.58,-33.9,10派0.62,24.02
182,23.3,24.02,23.57,22.86,106112.54,0.49,2.12,23.338,23.566999999999997,22.793000000000003,99472.63,106687.3,94322.43,7.47,0.44,-38.35,,7.28,,39431.58,-33.9,10派0.62,23.43
183,23.1,23.43,22.38,22.2,62811.68,-1.19,-5.05,23.218000000000004,23.293000000000003,22.985,91644.69,102393.65,93781.68,4.42,0.44,-38.35,,7.28,,39431.58,-33.9,10派0.62,22.98
184,22.45,22.98,22.87,21.91,50611.02,0.49,2.19,23.146,23.136999999999997,23.128,82271.52,95557.9,93684.34,3.56,0.44,-38.35,,7.28,,39431.58,-33.9,10派0.62,23.5
185,23.37,23.5,23.03,22.61,66494.46,0.16,0.7,22.986,23.04,23.245,71898.53,92106.55,92833.12,4.68,0.44,-38.35,,7.28,,39431.58,-33.9,10派0.62,23.21
186,23.09,23.21,22.2,22.11,67587.08,-0.83,-3.6,22.81,22.919,23.255,70723.36,88193.17,91644.23,4.76,0.44,-38.35,,7.28,,39431.58,-33.9,10派0.62,22.29
187,22.19,22.29,21.85,21.52,40436.81,-0.35,-1.58,22.465999999999998,22.901999999999997,23.209,57588.21,78530.42,89399.77,2.85,0.44,-38.35,,7.28,,39431.58,-33.9,10派0.62,22.28
188,21.84,22.28,22.11,21.78,40087.78,0.26,1.19,22.412,22.815,23.234,53043.43,72344.06,88262.95,2.82,0.44,-38.35,,7.28,,39431.58,-33.9,10派0.62,22.26
189,22.11,22.26,21.76,21.7,38050.02,-0.35,-1.58,22.19,22.668000000000003,23.224,50531.23,66401.38,87947.46,2.68,0.44,-38.35,,7.28,,39431.58,-33.9,10派0.62,21.76
190,21.76,21.76,19.91,19.69,50856.93,-1.85,-8.5,21.566,22.276,23.011,47403.72,59651.13,84115.32,3.58,0.44,-38.35,,7.28,,39431.58,-33.9,10派0.62,20.18
191,19.86,20.18,19.93,19.0,37580.87,0.02,0.1,21.112,21.961,22.785999999999998,41402.48,56062.92,78985.57,2.65,0.44,-38.35,,7.28,,39431.58,-33.9,10派0.62,20.18
192,20.0,20.18,20.11,19.81,25151.28,0.18,0.9,20.764,21.615,22.590999999999998,38345.38,47966.79,77327.04,1.77,0.44,-38.35,,7.28,,39431.58,-33.9,10派0.62,20.63
193,20.18,20.63,20.5,19.54,32183.9,0.39,1.94,20.442,21.427,22.36,36764.6,44904.02,73648.83,2.27,0.44,-38.35,,7.28,,39431.58,-33.9,10派0.62,20.89
194,20.52,20.89,20.61,20.35,28594.97,0.11,0.54,20.212,21.201,22.169,34873.59,42702.41,69130.16,2.01,0.44,-38.35,,7.28,,39431.58,-33.9,10派0.62,20.97
195,20.7,20.97,20.53,20.45,28016.8,-0.08,-0.39,20.336,20.951,21.996,30305.56,38854.64,65480.59,1.97,0.44,-38.35,,7.28,,39431.58,-33.9,10派0.62,21.18
196,20.59,21.18,21.1,20.05,34460.19,0.57,2.78,20.57,20.840999999999998,21.88,29681.43,35541.96,61867.56,2.43,0.44,-38.35,,7.28,,39431.58,-33.9,10派0.62,21.69
197,20.52,21.69,21.52,20.43,65846.49,0.42,1.99,20.851999999999997,20.808000000000003,21.855,37820.47,38082.92,58306.67,4.64,0.44,-38.35,,7.28,,39431.58,-33.9,10派0.62,21.36
198,21.36,21.36,20.77,20.53,37490.28,-0.75,-3.48,20.906,20.674,21.745,38881.75,37823.17,55083.62,2.64,0.44,-38.35,,7.28,,39431.58,-33.9,10派0.62,20.89
199,20.63,20.89,20.41,20.41,21524.73,-0.36,-1.73,20.866,20.539,21.604,37467.7,36170.64,51286.01,1.52,0.44,-38.35,,7.28,,39431.58,-33.9,10派0.62,20.5
200,20.41,20.5,20.01,19.96,17242.71,-0.4,-1.96,20.761999999999997,20.549,21.413,35312.88,32809.22,46230.18,1.21,0.44,-38.35,,7.28,,39431.58,-33.9,10派0.62,20.28
201,20.01,20.28,20.25,19.88,15493.08,0.24,1.2,20.592,20.581,21.271,31519.46,30600.44,43331.68,1.09,0.44,-38.35,,7.28,,39431.58,-33.9,10派0.62,20.49
202,20.34,20.49,20.23,20.15,19098.31,-0.02,-0.1,20.334,20.593000000000004,21.104,22169.82,29995.15,38980.97,1.34,0.44,-38.35,,7.28,,39431.58,-33.9,10派0.62,20.44
203,20.44,20.44,20.25,20.18,18930.73,0.02,0.1,20.23,20.568,20.998,18457.91,28669.83,36786.92,1.33,0.44,-38.35,,7.28,,39431.58,-33.9,10派0.62,21.5
204,20.48,21.5,21.5,20.39,55870.21,1.25,6.17,20.448,20.656999999999996,20.929000000000002,25327.01,31397.35,37049.88,3.93,0.44,-38.35,,7.28,,39431.58,-33.9,10派0.62,22.33
205,21.6,22.33,21.81,21.6,80774.15,0.31,1.44,20.808000000000003,20.785,20.868000000000002,38033.3,36673.09,37763.87,5.69,0.44,-38.35,,7.28,,39431.58,-33.9,10派0.62,22.74
206,21.69,22.74,22.05,21.64,68008.03,0.24,1.1,21.168000000000003,20.88,20.861,48536.29,40027.87,37784.91,4.79,0.44,-38.35,,7.28,,39431.58,-33.9,10派0.62,22.29
207,21.9,22.29,22.03,21.75,38873.9,-0.02,-0.09,21.528000000000002,20.930999999999997,20.87,52491.4,37330.61,37706.77,2.74,0.44,-38.35,,7.28,,39431.58,-33.9,10派0.62,22.27
208,22.27,22.27,21.44,21.39,44148.31,-0.59,-2.68,21.766,20.998,20.836,57534.92,37996.42,37909.79,3.11,0.44,-38.35,,7.28,,39431.58,-33.9,10派0.62,21.52
209,21.2,21.52,21.18,21.0,20516.55,-0.26,-1.21,21.701999999999998,21.075,20.807,50464.19,37895.6,37033.12,1.44,0.44,-38.35,,7.28,,39431.58,-33.9,10派0.62,21.48
210,21.19,21.48,21.45,21.19,17456.58,0.27,1.27,21.63,21.219,20.884,37800.67,37916.99,35363.1,1.23,0.44,-38.35,,7.28,,39431.58,-33.9,10派0.62,23.5
211,21.6,23.5,22.89,21.45,110155.39,1.44,6.71,21.798000000000002,21.483,21.031999999999996,46230.15,47383.22,38991.83,7.75,0.44,-38.35,,7.28,,39431.58,-33.9,10派0.62,23.39
212,22.76,23.39,23.33,22.12,79162.26,0.44,1.92,22.058000000000003,21.793000000000003,21.193,54287.82,53389.61,41692.38,5.57,0.44,-38.35,,7.28,,39431.58,-33.9,10派0.62,23.98
213,23.89,23.98,22.71,22.66,105047.17,-0.62,-2.66,22.311999999999998,22.039,21.304000000000002,66467.59,62001.26,45335.54,7.39,0.44,-38.35,,7.28,,39431.58,-33.9,10派0.62,22.99
214,22.95,22.99,22.51,22.35,47859.33,-0.2,-0.88,22.578000000000003,22.14,21.399,71936.15,61200.17,46298.76,3.37,0.44,-38.35,,7.28,,39431.58,-33.9,10派0.62,22.67
215,22.5,22.67,20.26,20.26,37200.42,-2.25,-10.0,22.34,21.985,21.385,75884.91,56842.79,46757.94,2.62,0.44,-38.35,,7.28,,39431.58,-33.9,10派0.62,19.6
216,19.3,19.6,19.4,18.42,51005.25,-0.86,-4.25,21.642,21.72,21.3,64054.89,55142.52,47585.19,3.59,0.44,-38.35,,7.28,,39431.58,-33.9,10派0.62,19.78
217,19.39,19.78,19.7,19.13,35240.16,0.3,1.55,20.916,21.487,21.209,55270.47,54779.14,46054.88,2.48,0.44,-38.35,,7.28,,39431.58,-33.9,10派0.62,19.38
218,19.38,19.38,17.73,17.73,11006.58,-1.97,-10.0,19.92,21.116,21.057,36462.35,51464.97,44730.69,0.77,0.44,-38.35,,7.28,,39431.58,-33.9,10派0.62,18.53
219,18.3,18.53,18.5,16.1,46659.59,0.77,4.34,19.118,20.848000000000003,20.962,36222.4,54079.27,45987.44,3.28,0.44,-38.35,,7.28,,39431.58,-33.9,10派0.62,18.17
220,17.8,18.17,16.76,16.72,31755.89,-1.74,-9.4,18.418,20.379,20.799,35133.49,55509.2,46713.09,2.24,0.44,-38.35,,7.28,,39431.58,-33.9,10派0.62,17.39
221,16.78,17.39,16.39,15.9,27085.22,-0.37,-2.21,17.816,19.729,20.605999999999998,30349.49,47202.19,47292.7,1.91,0.44,-38.35,,7.28,,39431.58,-33.9,10派0.62,16.71
222,16.41,16.71,15.82,15.8,22599.07,-0.57,-3.48,17.04,18.977999999999998,20.386,27821.27,41545.87,47467.74,1.59,0.44,-38.35,,7.28,,39431.58,-33.9,10派0.62,16.4
223,15.49,16.4,16.3,15.15,20614.67,0.48,3.03,16.754,18.337,20.188,29742.89,33102.62,47551.94,1.45,0.44,-38.35,,7.28,,39431.58,-33.9,10派0.62,16.68
224,16.2,16.68,15.98,15.65,23972.85,-0.32,-1.96,16.25,17.684,19.912,25205.54,30713.97,45957.07,1.69,0.44,-38.35,,7.28,,39431.58,-33.9,10派0.62,16.84
225,15.9,16.84,16.45,15.71,21382.6,0.47,2.94,16.188,17.303,19.644000000000002,23130.88,29132.19,42987.49,1.51,0.44,-38.35,,7.28,,39431.58,-33.9,10派0.62,16.96
226,16.4,16.96,16.96,16.4,24200.6,0.51,3.1,16.302,17.059,19.39,22553.96,26451.72,40797.12,1.7,0.44,-38.35,,7.28,,39431.58,-33.9,10派0.62,17.21
227,16.8,17.21,16.62,16.56,24989.15,-0.34,-2.0,16.462,16.750999999999998,19.119,23031.97,25426.62,40102.88,1.76,0.44,-38.35,,7.28,,39431.58,-33.9,10派0.62,16.78
228,16.45,16.78,16.35,15.88,22080.59,-0.27,-1.62,16.472,16.613,18.865,23325.16,26534.02,38999.5,1.55,0.44,-38.35,,7.28,,39431.58,-33.9,10派0.62,16.55
229,16.34,16.55,16.37,16.0,17701.98,0.02,0.12,16.55,16.4,18.624000000000002,22070.98,23638.26,38858.77,1.25,0.44,-38.35,,7.28,,39431.58,-33.9,10派0.62,16.86
230,16.5,16.86,16.63,16.4,17339.15,0.26,1.59,16.586,16.387,18.383,21262.29,22196.59,38852.9,1.22,0.44,-38.35,,7.28,,39431.58,-33.9,10派0.62,16.55
231,16.28,16.55,15.5,15.0,25725.88,-1.13,-6.79,16.294,16.298,18.014,21567.35,22060.65,34631.42,1.81,0.44,-38.35,,7.28,,39431.58,-33.9,10派0.62,15.47
232,15.22,15.47,15.45,14.35,22997.23,-0.05,-0.32,16.06,16.261,17.62,21168.97,22100.47,31823.17,1.62,0.44,-38.35,,7.28,,39431.58,-33.9,10派0.62,16.26
233,15.33,16.26,15.55,15.12,20444.03,0.1,0.65,15.9,16.186,17.262,20841.65,22083.41,27593.01,1.44,0.44,-38.35,,7.28,,39431.58,-33.9,10派0.62,15.95
234,15.21,15.95,15.82,15.21,18100.28,0.27,1.74,15.79,16.17,16.927,20921.31,21496.15,26105.06,1.27,0.44,-38.35,,7.28,,39431.58,-33.9,10派0.62,15.85
235,15.55,15.85,15.59,15.41,8926.66,-0.23,-1.45,15.582,16.084,16.694000000000003,19238.82,20250.56,24691.37,0.63,0.44,-38.35,,7.28,,39431.58,-33.9,10派0.62,16.24
236,15.58,16.24,16.1,15.58,16236.43,0.51,3.27,15.702,15.998,16.529,17340.93,19454.14,22952.93,1.14,0.44,-38.35,,7.28,,39431.58,-33.9,10派0.62,16.1
237,15.93,16.1,16.03,15.79,11631.73,-0.07,-0.43,15.818,15.939,16.345,15067.83,18118.4,21772.51,0.82,0.44,-38.35,,7.28,,39431.58,-33.9,10派0.62,17.5
238,16.5,17.5,17.5,16.49,30249.57,1.47,9.17,16.208,16.054000000000002,16.334,17028.93,18935.29,22734.66,2.13,0.44,-38.35,,7.28,,39431.58,-33.9,10派0.62,17.77
239,16.51,17.77,17.02,16.51,29038.45,-0.48,-2.74,16.448,16.119,16.26,19216.57,20068.94,21853.6,2.04,0.44,-38.35,,7.28,,39431.58,-33.9,10派0.62,17.1
240,16.49,17.1,17.02,16.22,17597.48,0.0,0.0,16.734,16.158,16.273,20950.73,20094.77,21145.68,1.24,0.44,-38.35,,7.28,,39431.58,-33.9,10派0.62,17.59
241,17.0,17.59,17.43,17.0,33115.55,0.41,2.41,17.0,16.351,16.325,24326.56,20833.74,21447.2,2.33,0.44,-38.35,,7.28,,39431.58,-33.9,10派0.62,17.35
242,17.35,17.35,17.29,17.0,24214.69,-0.14,-0.8,17.252,16.535,16.398,26843.15,20955.49,21527.98,1.7,0.44,-38.35,,7.28,,39431.58,-33.9,10派0.62,17.55
243,17.37,17.55,17.18,17.12,25661.99,-0.11,-0.64,17.188,16.698,16.442,25925.63,21477.28,21780.34,1.81,0.44,-38.35,,7.28,,39431.58,-33.9,10派0.62,17.48
244,17.1,17.48,17.28,17.03,18185.53,0.1,0.58,17.24,16.844,16.507,23755.05,21485.81,21490.98,1.28,0.44,-38.35,,7.28,,39431.58,-33.9,10派0.62,17.85
245,17.3,17.85,17.74,17.25,27874.44,0.46,2.66,17.384,17.059,16.572,25810.44,23380.59,21815.57,1.96,0.44,-38.35,,7.28,,39431.58,-33.9,10派0.62,18.5
246,17.83,18.5,18.11,17.31,45234.32,0.37,2.09,17.52,17.26,16.629,28234.19,26280.38,22867.26,3.18,0.44,-38.35,,7.28,,39431.58,-33.9,10派0.62,18.34
247,17.97,18.34,18.05,17.69,36002.13,-0.06,-0.33,17.672,17.462,16.701,30591.68,28717.42,23417.91,2.53,0.44,-38.35,,7.28,,39431.58,-33.9,10派0.62,18.12
248,17.85,18.12,16.25,16.25,46160.92,-1.8,-9.97,17.486,17.337,16.695999999999998,34691.47,30308.55,24621.92,3.25,0.44,-38.35,,7.28,,39431.58,-33.9,10派0.62,16.59
249,16.3,16.59,16.38,15.8,19969.24,0.13,0.8,17.305999999999997,17.273,16.695999999999998,35048.21,29401.63,24735.28,1.41,0.44,-38.35,,7.28,,39431.58,-33.9,10派0.62,17.95
250,17.95,17.95,17.95,17.95,1887.58,1.63,9.99,17.348,17.366,16.762,29850.84,27830.64,23962.71,0.07,0.41,2.51,,6.36,,38944.36,10.51,,19.75
251,19.75,19.75,19.75,19.75,7751.38,1.8,10.03,17.676,17.598,16.975,22354.25,25294.22,23063.98,0.29,0.41,2.51,,6.36,,38944.36,10.51,,21.73
252,20.0,21.73,21.0,19.79,222357.38,1.25,6.33,18.266,17.969,17.252,59625.3,45108.49,33031.99,8.42,0.41,2.51,,6.36,,38944.36,10.51,,22.39
253,20.4,22.39,22.34,20.2,219007.16,1.34,6.38,19.484,18.485,17.592,94194.55,64443.01,42960.15,8.3,0.41,2.51,,6.36,,38944.36,10.51,,21.98
254,21.91,21.98,20.75,20.15,138177.78,-1.59,-7.12,20.358,18.832,17.838,117836.26,76442.23,48964.02,5.23,0.41,2.51,,6.36,,38944.36,10.51,,20.75
255,20.74,20.75,20.5,19.91,86254.49,-0.25,-1.21,20.868000000000002,19.108,18.084,134709.64,82280.24,52830.41,3.27,0.41,2.51,,6.36,,38944.36,10.51,,20.56
256,20.39,20.56,20.5,20.06,70838.28,0.0,0.0,21.018,19.347,18.304000000000002,147327.02,84840.63,55560.5,2.68,0.41,2.51,,6.36,,38944.36,10.51,,20.32
257,20.32,20.32,19.66,19.62,78637.88,-0.84,-4.1,20.75,19.508,18.485,118583.12,89104.21,58910.81,2.98,0.41,2.51,,6.36,,38944.36,10.51,,19.97
258,19.87,19.97,19.93,19.53,68629.38,0.27,1.37,20.268,19.875999999999998,18.607,88507.56,91351.06,60829.8,2.6,0.41,2.51,,6.36,,38944.36,10.51,,20.2
259,19.81,20.2,19.9,19.6,68874.88,-0.03,-0.15,20.098,20.227999999999998,18.750999999999998,74646.98,96241.62,62821.62,2.61,0.41,2.51,,6.36,,38944.36,10.51,,20.2
260,19.97,20.2,19.17,19.04,58238.29,-0.73,-3.67,19.832,20.35,18.858,69043.74,101876.69,64853.66,2.21,0.41,2.51,,6.36,,38944.36,10.51,,19.27
261,18.95,19.27,18.6,18.12,66899.65,-0.57,-2.97,19.452,20.235,18.917,68256.02,107791.52,66542.87,2.53,0.41,2.51,,6.36,,38944.36,10.51,,18.8
262,18.74,18.8,18.23,18.2,40005.47,-0.37,-1.99,19.166,19.958,18.964000000000002,60529.53,89556.33,67332.41,1.52,0.41,2.51,,6.36,,38944.36,10.51,,18.46
263,18.26,18.46,18.15,18.13,34140.21,-0.08,-0.44,18.81,19.539,19.012,53631.7,71069.63,67756.32,1.29,0.41,2.51,,6.36,,38944.36,10.51,,18.27
264,18.15,18.27,18.02,17.96,30328.41,-0.13,-0.72,18.434,19.266,19.049,45922.41,60284.69,68363.46,1.15,0.41,2.51,,6.36,,38944.36,10.51,,18.64
265,18.04,18.64,18.58,18.03,42766.04,0.56,3.11,18.316,19.074,19.090999999999998,42827.96,55935.85,69108.04,1.62,0.41,2.51,,6.36,,38944.36,10.51,,18.91
266,18.57,18.91,18.91,18.35,55934.27,0.33,1.78,18.378,18.915,19.131,40634.88,54445.45,69643.04,2.12,0.41,2.51,,6.36,,38944.36,10.51,,18.78
267,18.77,18.78,18.69,18.44,41120.77,-0.22,-1.16,18.47,18.817999999999998,19.163,40857.94,50693.74,69898.97,1.56,0.41,2.51,,6.36,,38944.36,10.51,,18.87
268,18.6,18.87,18.8,18.57,43020.84,0.11,0.59,18.6,18.705,19.291,42634.07,48132.88,69741.97,1.63,0.41,2.51,,6.36,,38944.36,10.51,,18.78
269,18.78,18.78,18.11,18.02,77442.64,-0.69,-3.67,18.618,18.526,19.377,52056.91,48989.66,72615.64,2.93,0.41,2.51,,6.36,,38944.36,10.51,,18.11
270,18.1,18.11,17.38,17.15,83985.06,-0.73,-4.03,18.378,18.347,19.349,60300.72,51564.34,76720.51,3.18,0.41,2.51,,6.36,,38944.36,10.51,,17.7
271,17.38,17.7,17.66,17.34,38726.97,0.28,1.61,18.128,18.253,19.244,56859.26,48747.07,78269.29,1.47,0.41,2.51,,6.36,,38944.36,10.51,,17.75
272,17.7,17.75,17.68,17.49,36651.35,0.02,0.11,17.926,18.198,19.078,55965.37,48411.66,68983.99,1.39,0.41,2.51,,6.36,,38944.36,10.51,,18.0
273,17.67,18.0,18.0,17.59,50825.47,0.32,1.81,17.766,18.183,18.861,57526.3,50080.18,60574.91,1.93,0.41,2.51,,6.36,,38944.36,10.51,,18.13
274,18.1,18.13,17.77,17.56,56011.85,-0.23,-1.28,17.698,18.158,18.712,53240.14,52648.53,56466.61,2.12,0.41,2.51,,6.36,,38944.36,10.51,,18.0
275,17.69,18.0,17.91,17.5,45397.35,0.14,0.79,17.804000000000002,18.090999999999998,18.583,45522.6,52911.66,54423.75,1.72,0.41,2.51,,6.36,,38944.36,10.51,,18.09
276,17.85,18.09,17.82,17.7,39779.02,-0.09,-0.5,17.836,17.982,18.449,45733.01,51296.13,52870.79,1.51,0.41,2.51,,6.36,,38944.36,10.51,,17.97
277,17.93,17.97,17.75,17.54,37343.81,-0.07,-0.39,17.85,17.887999999999998,18.352999999999998,45871.5,50918.44,50806.09,1.41,0.41,2.51,,6.36,,38944.36,10.51,,17.95
278,17.75,17.95,17.8,17.66,41545.49,0.05,0.28,17.81,17.788,18.247,44015.5,50770.9,49451.89,1.57,0.41,2.51,,6.36,,38944.36,10.51,,17.85
279,17.79,17.85,17.23,17.23,45895.92,-0.57,-3.2,17.702,17.7,18.113,41992.32,47616.23,48302.94,1.74,0.47,7.01,,7.37,,45173.84,14.56,10派1.39转3,17.26
280,17.26,17.26,16.85,16.79,48506.31,-0.41,-2.38,17.49,17.647000000000002,17.997,42614.11,44068.35,47816.34,1.84,0.47,7.01,,7.37,,45173.84,14.56,10派1.39转3,17.18
281,16.76,17.18,17.06,16.63,48073.35,0.21,1.25,17.338,17.587,17.92,44272.98,45002.99,46875.03,1.82,0.47,7.01,,7.37,,45173.84,14.56,10派1.39转3,17.0
282,16.97,17.0,16.68,16.66,71440.81,-0.38,-2.23,17.124000000000002,17.487000000000002,17.843,51092.38,48481.94,48446.8,2.71,0.47,7.01,,7.37,,45173.84,14.56,10派1.39转3,16.86
283,16.72,16.86,16.79,16.57,35201.17,0.11,0.66,16.922,17.366,17.775,49823.51,46919.51,48499.85,1.33,0.47,7.01,,7.37,,45173.84,14.56,10派1.39转3,16.97
284,16.85,16.97,16.73,16.68,59719.3,-0.06,-0.36,16.822,17.262,17.71,52588.19,47290.25,49969.39,2.26,0.47,7.01,,7.37,,45173.84,14.56,10派1.39转3,16.82
285,16.79,16.82,16.67,16.35,54050.33,-0.06,-0.36,16.785999999999998,17.137999999999998,17.615,53696.99,48155.55,50533.6,2.05,0.47,7.01,,7.37,,45173.84,14.56,10派1.39转3,18.34
286,17.47,18.34,18.34,17.33,230708.08,1.67,10.02,17.042,17.19,17.586,90223.94,67248.46,59272.29,8.74,0.47,7.01,,7.37,,45173.84,14.56,10派1.39转3,19.68
287,18.73,19.68,19.12,18.45,352196.25,0.78,4.25,17.53,17.327,17.608,146375.03,98733.7,74826.07,13.34,0.47,7.01,,7.37,,45173.84,14.56,10派1.39转3,20.15
288,18.76,20.15,19.65,18.4,299116.91,0.53,2.77,18.102,17.512,17.65,199158.17,124490.84,87630.87,11.33,0.47,7.01,,7.37,,45173.84,14.56,10派1.39转3,20.16
289,19.4,20.16,19.2,19.17,226281.36,-0.45,-2.29,18.596,17.709,17.705,232470.59,142529.39,95072.81,8.57,0.47,7.01,,7.37,,45173.84,14.56,10派1.39转3,19.34
290,19.25,19.34,18.91,18.7,155457.62,-0.29,-1.51,19.044,17.915,17.781,252752.04,153224.52,98646.44,5.89,0.47,7.01,,7.37,,45173.84,14.56,10派1.39转3,19.08
291,18.7,19.08,18.62,18.58,100168.1,-0.29,-1.53,19.1,18.070999999999998,17.829,226644.05,158433.99,101718.49,3.79,0.47,7.01,,7.37,,45173.84,14.56,10派1.39转3,18.61
292,18.51,18.61,18.17,18.09,109065.42,-0.45,-2.42,18.91,18.22,17.854,178017.88,162196.45,105339.2,4.13,0.47,7.01,,7.37,,45173.84,14.56,10派1.39转3,18.34
293,18.18,18.34,18.17,18.0,77699.05,0.0,0.0,18.614,18.358,17.862000000000002,133734.31,166446.24,106682.88,2.94,0.47,7.01,,7.37,,45173.84,14.56,10派1.39转3,18.28
294,18.25,18.28,18.28,18.04,73247.28,0.11,0.6,18.43,18.512999999999998,17.887999999999998,103127.49,167799.04,107544.65,2.77,0.47,7.01,,7.37,,45173.84,14.56,10派1.39转3,18.29
295,18.29,18.29,17.86,17.81,80496.93,-0.42,-2.3,18.22,18.632,17.885,88135.36,170443.7,109299.63,3.05,0.47,7.01,,7.37,,45173.84,14.56,10派1.39转3,18.03
296,17.83,18.03,17.5,17.36,77585.49,-0.36,-2.02,17.996,18.548,17.869,83618.83,155131.44,111189.95,2.94,0.47,7.01,,7.37,,45173.84,14.56,10派1.39转3,17.68
297,17.66,17.68,17.62,17.12,59625.64,0.12,0.69,17.886,18.398,17.863,73730.88,125874.38,112304.04,2.26,0.47,7.01,,7.37,,45173.84,14.56,10派1.39转3,18.97
298,17.74,18.97,18.65,17.69,179902.88,1.03,5.85,17.982,18.298,17.905,94171.64,113952.98,119221.91,6.82,0.47,7.01,,7.37,,45173.84,14.56,10派1.39转3,18.6
299,18.41,18.6,18.01,17.94,103603.81,-0.64,-3.43,17.928,18.179000000000002,17.944000000000003,100242.95,101685.22,122107.3,3.93,0.47,7.01,,7.37,,45173.84,14.56,10派1.39转3,17.95
300,17.9,17.95,17.38,17.3,71154.93,-0.63,-3.5,17.832,18.026,17.971,98374.55,93254.95,123239.74,2.7,0.47,7.01,,7.37,,45173.84,14.56,10派1.39转3,17.55
301,17.4,17.55,17.44,17.22,53355.0,0.06,0.34,17.82,17.908,17.99,93528.45,88573.64,123503.82,2.02,0.47,7.01,,7.37,,45173.84,14.56,10派1.39转3,17.55
302,17.55,17.55,16.93,16.92,57394.8,-0.51,-2.92,17.682000000000002,17.784000000000002,18.002,93082.28,83406.58,122801.52,2.17,0.47,7.01,,7.37,,45173.84,14.56,10派1.39转3,16.97
303,16.8,16.97,16.69,16.58,32224.39,-0.24,-1.42,17.29,17.636,17.997,63546.59,78859.11,122652.68,1.22,0.47,7.01,,7.37,,45173.84,14.56,10派1.39转3,16.95
304,16.8,16.95,16.95,16.74,30611.68,0.26,1.56,17.078,17.503,18.008,48948.16,74595.56,121197.3,1.16,0.47,7.01,,7.37,,45173.84,14.56,10派1.39转3,17.03
305,16.96,17.03,16.95,16.78,28374.42,0.0,0.0,16.992,17.412,18.022000000000002,40392.06,69383.3,119913.5,1.07,0.47,7.01,,7.37,,45173.84,14.56,10派1.39转3,17.19
306,17.03,17.19,16.81,16.81,32790.82,-0.14,-0.83,16.866,17.343,17.945999999999998,36279.22,64903.84,110017.64,1.24,0.47,7.01,,7.37,,45173.84,14.56,10派1.39转3,17.07
307,16.9,17.07,17.06,16.69,39060.39,0.25,1.49,16.892,17.287,17.843,32612.34,62847.31,94360.85,1.48,0.47,7.01,,7.37,,45173.84,14.56,10派1.39转3,17.05
308,17.03,17.05,16.0,16.0,50435.77,-1.06,-6.21,16.754,17.022000000000002,17.66,36254.62,49900.6,81926.79,1.91,0.47,7.01,,7.37,,45173.84,14.56,10派1.39转3,16.22
309,16.05,16.22,16.13,15.92,38345.7,0.13,0.81,16.59,16.834,17.507,37801.42,43374.79,72530.01,1.45,0.47,7.01,,7.37,,45173.84,14.56,10派1.39转3,16.16
310,16.14,16.16,15.74,15.71,32049.25,-0.39,-2.42,16.348,16.67,17.348,38536.39,39464.22,66359.59,1.21,0.47,7.01,,7.37,,45173.84,14.56,10派1.39转3,16.09
311,15.78,16.09,15.96,15.72,25483.64,0.22,1.4,16.178,16.522000000000002,17.215,37074.95,36677.09,62625.36,0.97,0.47,7.01,,7.37,,45173.84,14.56,10派1.39转3,16.45
312,16.05,16.45,16.41,16.02,43824.93,0.45,2.82,16.048,16.47,17.127,38027.86,35320.1,59363.34,1.66,0.47,7.01,,7.37,,45173.84,14.56,10派1.39转3,16.35
313,16.35,16.35,16.12,16.01,27585.1,-0.29,-1.77,16.072,16.413,17.025,33457.72,34856.17,56857.64,1.05,0.47,7.01,,7.37,,45173.84,14.56,10派1.39转3,17.09
314,16.25,17.09,16.8,16.05,71540.91,0.68,4.22,16.206,16.398,16.951,40096.77,38949.09,56772.32,2.71,0.47,7.01,,7.37,,45173.84,14.56,10派1.39转3,16.87
315,16.74,16.87,16.85,16.59,48324.9,0.05,0.3,16.428,16.387999999999998,16.9,43351.9,40944.14,55163.72,1.83,0.47,7.01,,7.37,,45173.84,14.56,10派1.39转3,16.8
316,16.72,16.8,16.7,16.56,30068.95,-0.15,-0.89,16.576,16.377,16.86,44268.96,40671.95,52787.9,1.14,0.47,7.01,,7.37,,45173.84,14.56,10派1.39转3,16.69
317,16.69,16.69,16.25,16.15,34650.0,-0.45,-2.69,16.544,16.296,16.792,42433.97,40230.92,51539.11,1.31,0.47,7.01,,7.37,,45173.84,14.56,10派1.39转3,16.15
318,16.1,16.15,16.08,15.67,40384.55,-0.17,-1.05,16.535999999999998,16.304000000000002,16.663,44993.86,39225.79,44563.2,1.53,0.47,7.01,,7.37,,45173.84,14.56,10派1.39转3,16.2
319,16.11,16.2,16.06,16.01,28074.07,-0.02,-0.12,16.387999999999998,16.297,16.566,36300.49,38198.63,40786.71,1.06,0.47,7.01,,7.37,,45173.84,14.56,10派1.39转3,16.29
320,16.09,16.29,16.03,15.95,26791.49,-0.03,-0.19,16.224,16.326,16.498,31993.81,37672.85,38568.54,1.02,0.47,7.01,,7.37,,45173.84,14.56,10派1.39转3,16.15
321,15.89,16.15,15.97,15.81,21522.18,-0.06,-0.37,16.078,16.327,16.425,30284.46,37276.71,36976.9,0.82,0.47,7.01,,7.37,,45173.84,14.56,10派1.39转3,16.1
322,16.0,16.1,15.9,15.9,22203.0,-0.07,-0.44,16.008,16.276,16.373,27795.06,35114.52,35217.31,0.84,0.47,7.01,,7.37,,45173.84,14.56,10派1.39转3,16.16
323,15.92,16.16,16.12,15.9,22910.72,0.22,1.38,16.016,16.276,16.345,24300.29,34647.08,34751.62,1.13,0.47,7.01,,7.37,,45173.84,14.56,10派1.39转3,16.35
324,16.1,16.35,16.35,15.98,37149.99,0.23,1.43,16.074,16.230999999999998,16.315,26115.48,31207.99,35078.54,1.84,0.47,7.01,,7.37,,45173.84,14.56,10派1.39转3,16.48
325,16.37,16.48,16.26,16.21,31980.31,-0.09,-0.55,16.12,16.172,16.28,27153.24,29573.53,35258.83,1.58,0.47,7.01,,7.37,,45173.84,14.56,10派1.39转3,17.33
326,16.25,17.33,16.5,16.12,75816.44,0.24,1.48,16.226,16.152,16.265,38012.09,34148.27,37410.11,3.75,0.47,7.01,,7.37,,45173.84,14.56,10派1.39转3,16.6
327,16.44,16.6,16.54,16.23,35484.88,0.04,0.24,16.354,16.180999999999997,16.239,40668.47,34231.76,37231.34,1.75,0.47,7.01,,7.37,,45173.84,14.56,10派1.39转3,16.76
328,16.48,16.76,16.55,16.4,34944.32,0.01,0.06,16.44,16.227999999999998,16.266,43075.19,33687.74,36456.77,1.73,0.47,7.01,,7.37,,45173.84,14.56,10派1.39转3,16.85
329,16.68,16.85,16.4,16.39,39103.93,-0.15,-0.91,16.45,16.262,16.28,43465.98,34790.73,36494.68,1.93,0.47,7.01,,7.37,,45173.84,14.56,10派1.39转3,16.39
330,16.22,16.39,16.08,16.02,26605.18,-0.32,-1.95,16.414,16.267,16.297,42390.95,34772.1,36222.47,1.31,0.47,7.01,,7.37,,45173.84,14.56,10派1.39转3,16.19
331,16.09,16.19,15.75,15.75,28211.6,-0.33,-2.05,16.264,16.245,16.285999999999998,32869.98,35441.04,36358.87,1.39,0.47,7.01,,7.37,,45173.84,14.56,10派1.39转3,15.82
332,15.72,15.82,14.81,14.31,41684.78,-0.94,-5.97,15.918,16.136,16.206,34109.96,37389.22,36251.87,2.06,0.47,7.01,,7.37,,45173.84,14.56,10派1.39转3,14.99
333,14.7,14.99,14.95,14.56,22596.33,0.14,0.94,15.597999999999999,16.019000000000002,16.148,31640.36,37357.78,36002.43,1.12,0.47,7.01,,7.37,,45173.84,14.56,10派1.39转3,15.28
334,14.88,15.28,14.98,14.82,20811.48,0.03,0.2,15.314,15.882,16.057000000000002,27981.87,35723.93,33465.96,1.03,0.47,7.01,,7.37,,45173.84,14.56,10派1.39转3,15.12
335,14.96,15.12,14.91,14.9,14215.87,-0.07,-0.47,15.08,15.747,15.96,25504.01,33947.48,31760.5,0.7,0.47,7.01,,7.37,,45173.84,14.56,10派1.39转3,15.23
336,14.91,15.23,15.1,14.81,18945.32,0.19,1.27,14.95,15.607000000000001,15.88,23650.76,28260.37,31204.32,0.94,0.47,7.01,,7.37,,45173.84,14.56,10派1.39转3,15.36
337,15.1,15.36,15.18,15.1,19665.59,0.08,0.53,15.024000000000001,15.470999999999998,15.825999999999999,19246.92,26678.44,30455.1,0.97,0.47,7.01,,7.37,,45173.84,14.56,10派1.39转3,15.35
338,15.28,15.35,15.25,15.1,19853.0,0.07,0.46,15.084000000000001,15.341,15.785,18698.25,25169.31,29428.52,0.98,0.47,7.01,,7.37,,45173.84,14.56,10派1.39转3,15.34
339,15.2,15.34,15.18,15.16,14350.69,-0.07,-0.46,15.124,15.219000000000001,15.741,17406.09,22693.98,28742.36,0.71,0.47,7.01,,7.37,,45173.84,14.56,10派1.39转3,15.24
340,15.13,15.24,15.2,15.11,12384.51,0.02,0.13,15.182,15.130999999999998,15.699000000000002,17039.82,21271.92,28022.01,0.61,0.47,7.01,,7.37,,45173.84,14.56,10派1.39转3,15.19
341,15.19,15.19,15.19,15.18,18.0,-0.01,-0.07,15.2,15.075,15.66,13254.36,18452.56,26946.8,0.0,0.47,7.01,,7.37,,45173.84,14.56,10派1.39转3,15.3
342,15.19,15.3,15.3,14.93,16280.64,0.1,0.66,15.224,15.124,15.63,12577.37,15912.14,26650.68,0.8,0.47,7.01,,7.37,,45173.84,14.56,10派1.39转3,15.36
343,15.33,15.36,15.35,15.21,21720.65,0.05,0.33,15.244000000000002,15.164000000000001,15.592,12950.9,15824.58,26591.18,1.07,0.47,7.01,,7.37,,45173.84,14.56,10派1.39转3,15.44
344,15.34,15.44,15.39,15.18,25480.81,0.04,0.26,15.286,15.205,15.544,15176.92,16291.51,26007.72,1.26,0.47,7.01,,7.37,,45173.84,14.56,10派1.39转3,16.93
345,16.3,16.93,16.93,16.23,113021.66,1.54,10.01,15.632,15.407,15.577,35304.35,26172.09,30059.78,5.58,0.47,7.01,,7.37,,45173.84,14.56,10派1.39转3,17.55
346,17.4,17.55,17.06,16.9,249782.64,0.13,0.77,16.006,15.603,15.605,85257.28,49255.82,38758.09,12.34,0.47,7.01,,7.37,,45173.84,14.56,10派1.39转3,17.5
347,16.83,17.5,17.08,16.48,191173.36,0.02,0.12,16.362000000000002,15.793,15.632,120235.82,66406.6,46542.52,9.44,0.47,7.01,,7.37,,45173.84,14.56,10派1.39转3,17.16
348,16.77,17.16,17.12,16.65,115937.08,0.04,0.23,16.715999999999998,15.98,15.661,139079.11,76015.0,50592.16,5.73,0.47,7.01,,7.37,,45173.84,14.56,10派1.39转3,17.08
349,16.96,17.08,16.83,16.77,68460.93,-0.29,-1.69,17.004,16.145,15.682,147675.13,81426.03,52060.01,3.38,0.47,7.01,,7.37,,45173.84,14.56,10派1.39转3,17.1
350,16.75,17.1,16.56,16.38,101351.76,-0.27,-1.6,16.93,16.281,15.706,145341.15,90322.75,55797.34,5.01,0.47,7.01,,7.37,,45173.84,14.56,10派1.39转3,16.91
351,16.45,16.91,16.78,16.39,74623.45,0.22,1.33,16.874000000000002,16.44,15.758,110309.32,97783.3,58117.93,3.69,0.47,7.01,,7.37,,45173.84,14.56,10派1.39转3,17.52
352,16.57,17.52,17.26,16.52,180417.55,0.48,2.86,16.91,16.636,15.88,108158.15,114196.99,65054.57,8.91,0.47,7.01,,7.37,,45173.84,14.56,10派1.39转3,17.77
353,17.31,17.77,17.3,17.15,117870.29,0.04,0.23,16.945999999999998,16.831,15.998,108544.8,123811.95,69818.26,5.82,0.47,7.01,,7.37,,45173.84,14.56,10派1.39转3,17.32
354,17.27,17.32,17.29,17.05,73080.98,-0.01,-0.06,17.038,17.021,16.113,109468.81,128571.97,72431.74,3.61,0.47,7.01,,7.37,,45173.84,14.56,10派1.39转3,17.52
355,17.32,17.52,17.13,17.08,65069.4,-0.16,-0.93,17.152,17.041,16.224,102212.33,123776.74,74974.42,3.21,0.47,7.01,,7.37,,45173.84,14.56,10派1.39转3,17.1
356,17.06,17.1,16.84,16.68,66972.77,-0.29,-1.69,17.164,17.019000000000002,16.311,100682.2,105495.76,77375.79,3.31,0.47,7.01,,7.37,,45173.84,14.56,10派1.39转3,16.96
357,16.8,16.96,16.85,16.67,40740.09,0.01,0.06,17.082,16.996,16.395,72746.71,90452.43,78429.51,2.01,0.47,7.01,,7.37,,45173.84,14.56,10派1.39转3,16.88
358,16.88,16.88,16.74,16.62,34392.31,-0.11,-0.65,16.97,16.958,16.469,56051.11,82297.95,79156.48,1.7,0.47,7.01,,7.37,,45173.84,14.56,10派1.39转3,16.93
359,16.73,16.93,16.85,16.68,28966.7,0.11,0.66,16.882,16.96,16.553,47228.25,78348.53,79887.28,1.43,0.47,7.01,,7.37,,45173.84,14.56,10派1.39转3,16.93
360,16.84,16.93,16.79,16.72,32170.0,-0.06,-0.36,16.814,16.983,16.632,40648.37,71430.35,80876.55,1.59,0.47,7.01,,7.37,,45173.84,14.56,10派1.39转3,16.79
361,16.76,16.79,16.4,16.4,49490.86,-0.39,-2.32,16.726,16.945,16.692999999999998,37151.99,68917.1,83350.2,2.44,0.47,7.01,,7.37,,45173.84,14.56,10派1.39转3,16.4
362,16.27,16.4,16.23,16.08,35762.5,-0.17,-1.04,16.602,16.842,16.739,36156.47,54451.59,84324.29,1.77,0.47,7.01,,7.37,,45173.84,14.56,10派1.39转3,16.43
363,16.25,16.43,16.39,16.2,28858.5,0.16,0.99,16.532,16.750999999999998,16.791,35049.71,45550.41,84681.18,1.43,0.47,7.01,,7.37,,45173.84,14.56,10派1.39转3,16.9
364,16.42,16.9,16.78,16.32,56314.97,0.39,2.38,16.518,16.7,16.861,40519.37,43873.81,86222.89,2.78,0.47,7.01,,7.37,,45173.84,14.56,10派1.39转3,16.72
365,16.71,16.72,16.54,16.53,33007.01,-0.24,-1.43,16.468,16.641,16.840999999999998,40686.77,40667.57,82222.16,1.63,0.47,7.01,,7.37,,45173.84,14.56,10派1.39转3,16.56
366,16.54,16.56,16.27,16.24,25645.71,-0.27,-1.63,16.442,16.584,16.802,35917.74,36534.87,71015.31,1.27,0.47,7.01,,7.37,,45173.84,14.56,10派1.39转3,16.4
367,16.28,16.4,16.26,16.26,16827.0,-0.01,-0.06,16.448,16.525,16.761,32130.64,34143.56,62297.99,0.83,0.47,7.01,,7.37,,45173.84,14.56,10派1.39转3,16.4
368,16.2,16.4,16.4,15.52,36428.88,0.14,0.86,16.45,16.491,16.725,33644.71,34347.21,58322.58,1.8,0.47,7.01,,7.37,,45173.84,14.56,10派1.39转3,16.45
369,16.33,16.45,16.16,16.16,32413.0,-0.24,-1.46,16.326,16.422,16.691,28864.32,34691.84,56520.19,1.6,0.47,7.01,,7.37,,45173.84,14.56,10派1.39转3,16.19
370,16.15,16.19,15.98,15.95,28194.06,-0.18,-1.11,16.214000000000002,16.340999999999998,16.662,27901.73,34294.25,52862.3,1.39,0.47,7.01,,7.37,,45173.84,14.56,10派1.39转3,16.42
371,15.98,16.42,16.33,15.98,42883.82,0.35,2.19,16.226,16.334,16.64,31349.35,33633.55,51275.32,2.12,0.47,7.01,,7.37,,45173.84,14.56,10派1.39转3,16.42
372,16.31,16.42,16.17,16.17,40461.99,-0.16,-0.98,16.208,16.328,16.585,36076.35,34103.49,44277.54,2.0,0.47,7.01,,7.37,,45173.84,14.56,10派1.39转3,17.43
373,16.25,17.43,17.2,16.24,112534.71,1.03,6.37,16.368,16.409000000000002,16.58,51297.52,42471.12,44010.76,5.56,0.47,7.01,,7.37,,45173.84,14.56,10派1.39转3,17.39
374,17.22,17.39,17.09,16.87,89238.62,-0.11,-0.64,16.554000000000002,16.44,16.57,62662.64,45763.48,44818.65,4.41,0.47,7.01,,7.37,,45173.84,14.56,10派1.39转3,17.73
375,17.08,17.73,17.27,16.91,158465.94,0.18,1.05,16.812,16.512999999999998,16.577,88717.02,58309.37,49488.47,7.83,0.47,7.01,,7.37,,45173.84,14.56,10派1.39转3,17.58
376,17.21,17.58,17.57,17.0,144241.47,0.3,1.74,17.06,16.643,16.614,108988.55,70168.95,53351.91,7.13,0.47,7.01,,7.37,,45173.84,14.56,10派1.39转3,19.18
377,17.65,19.18,18.48,17.65,253787.8,0.91,5.18,17.522000000000002,16.865,16.695,151653.71,93865.03,64004.29,12.54,0.47,7.01,,7.37,,45173.84,14.56,10派1.39转3,18.94
378,18.41,18.94,18.41,18.3,211727.12,-0.07,-0.38,17.764,17.066,16.779,171492.19,111394.85,72871.03,10.46,0.47,7.01,,7.37,,45173.84,14.56,10派1.39转3,18.46
379,18.3,18.46,18.15,17.82,123050.87,-0.26,-1.41,17.976,17.265,16.844,178254.64,120458.64,77575.24,6.08,0.47,7.01,,7.37,,45173.84,14.56,10派1.39转3,19.76
380,18.11,19.76,19.0,18.1,314186.66,0.85,4.68,18.322,17.567,16.954,209398.78,149057.9,91676.07,15.52,0.47,7.01,,7.37,,45173.84,14.56,10派1.39转3,19.56
381,18.77,19.56,18.59,18.41,277808.78,-0.41,-2.16,18.526,17.793,17.064,236112.25,172550.4,103091.97,13.72,0.47,7.01,,7.37,,45173.84,14.56,10派1.39转3,18.49
382,18.16,18.49,17.17,16.81,155291.7,-1.42,-7.64,18.264,17.893,17.111,216413.03,184033.37,109068.43,7.67,0.11,12.24,,1.65,,10519.74,12.05,,17.63
383,17.13,17.63,17.5,17.06,93033.23,0.33,1.92,18.082,17.923,17.166,192674.25,182083.22,112277.17,4.6,0.11,12.24,,1.65,,10519.74,12.05,,18.87
384,17.5,18.87,18.58,17.34,211321.12,1.08,6.17,18.168,18.072,17.256,210328.3,194291.47,120027.47,10.44,0.11,12.24,,1.65,,10519.74,12.05,,18.52
385,18.3,18.52,18.26,17.88,130446.15,-0.32,-1.72,18.02,18.171,17.342,173580.2,191489.49,124899.43,6.44,0.11,12.24,,1.65,,10519.74,12.05,,19.25
386,18.26,19.25,18.73,18.2,186822.12,0.47,2.57,18.048,18.287,17.465,155382.86,195747.56,132958.25,9.23,0.11,12.24,,1.65,,10519.74,12.05,,20.06
387,18.8,20.06,19.6,18.8,246467.45,0.87,4.64,18.534000000000002,18.399,17.632,173618.01,195015.52,144440.27,12.17,0.11,12.24,,1.65,,10519.74,12.05,,20.16
388,19.91,20.16,19.3,19.1,184364.44,-0.3,-1.53,18.894000000000002,18.488,17.777,191884.26,192279.25,151837.05,9.11,0.11,12.24,,1.65,,10519.74,12.05,,20.35
389,19.32,20.35,20.31,19.32,239863.77,1.01,5.23,19.24,18.704,17.985,197592.79,203960.54,162209.59,11.85,0.11,12.24,,1.65,,10519.74,12.05,,20.33
390,20.04,20.33,20.1,19.64,151247.95,-0.21,-1.03,19.608,18.814,18.191,201753.15,187666.67,168362.29,7.47,0.11,12.24,,1.65,,10519.74,12.05,,21.29
391,19.9,21.29,20.39,19.56,199183.69,0.29,1.44,19.94,18.994,18.394000000000002,204225.46,179804.16,176177.28,9.84,0.11,12.24,,1.65,,10519.74,12.05,,22.38
392,20.19,22.38,21.5,20.19,196265.72,1.11,5.44,20.32,19.427,18.66,194185.11,183901.56,183967.47,9.69,0.11,12.24,,1.65,,10519.74,12.05,,21.85
393,21.3,21.85,21.33,20.63,188509.56,-0.17,-0.79,20.726,19.81,18.867,195014.14,193449.2,187766.21,9.31,0.11,12.24,,1.65,,10519.74,12.05,,23.0
394,23.0,23.0,20.37,20.21,384540.75,-0.96,-4.5,20.738000000000003,19.989,19.031,223949.53,210771.16,202531.31,19.0,0.11,12.24,,1.65,,10519.74,12.05,,19.97
395,19.51,19.97,18.33,18.33,277124.72,-2.04,-10.02,20.384,19.996,19.084,249124.89,225439.02,208464.25,13.69,0.11,12.24,,1.65,,10519.74,12.05,,19.45
396,18.6,19.45,18.46,17.75,245598.77,0.13,0.71,19.998,19.969,19.128,258407.9,231316.68,213532.12,12.13,0.11,12.24,,1.65,,10519.74,12.05,,18.87
397,18.4,18.87,18.84,17.86,191695.12,0.38,2.06,19.465999999999998,19.893,19.146,257493.78,225839.45,210427.48,9.47,0.11,12.24,,1.65,,10519.74,12.05,,18.99
398,18.56,18.99,18.58,18.33,126269.78,-0.26,-1.38,18.916,19.820999999999998,19.155,245045.83,220029.98,206154.62,6.24,0.11,12.24,,1.65,,10519.74,12.05,,20.44
399,18.41,20.44,19.7,18.0,291513.44,1.12,6.03,18.782,19.76,19.232,226440.37,225194.95,214577.75,14.4,0.11,12.24,,1.65,,10519.74,12.05,,20.07
400,19.36,20.07,19.95,19.28,201888.44,0.25,1.27,19.105999999999998,19.745,19.28,211393.11,230259.0,208962.84,9.97,0.24,-14.08,,4.58,,29552.6,11.74,,21.52
401,20.03,21.52,20.57,20.03,209856.41,0.62,3.11,19.528,19.762999999999998,19.379,204244.64,231326.27,205565.22,10.37,0.24,-14.08,,4.58,,29552.6,11.74,,21.4
402,20.39,21.4,20.69,20.29,208592.62,0.12,0.58,19.898,19.682000000000002,19.555,207624.14,232558.96,208230.26,10.3,0.24,-14.08,,4.58,,29552.6,11.74,,18.62
403,18.62,18.62,18.62,18.62,16605.0,-2.07,-10.01,19.906,19.410999999999998,19.611,185691.18,215368.5,204408.85,0.82,0.24,-14.08,,4.58,,29552.6,11.74,,19.66
404,17.34,19.66,18.9,17.34,270475.69,0.28,1.5,19.746,19.264,19.627,181483.63,203962.0,207366.58,13.36,0.24,-14.08,,4.58,,29552.6,11.74,,19.18
405,18.95,19.18,17.91,17.88,174263.64,-0.99,-5.24,19.338,19.222,19.609,175958.67,193675.89,209557.45,8.61,0.24,-14.08,,4.58,,29552.6,11.74,,17.9
406,17.9,17.9,17.7,16.45,148498.86,-0.21,-1.17,18.764,19.146,19.558,163687.16,183965.9,207641.29,7.34,0.24,-14.08,,4.58,,29552.6,11.74,,18.86
407,17.62,18.86,18.82,17.37,185908.55,1.12,6.33,18.39,19.144000000000002,19.519000000000002,159150.35,183387.24,204613.35,9.18,0.24,-14.08,,4.58,,29552.6,11.74,,18.98
408,18.47,18.98,18.38,18.3,130832.07,-0.44,-2.34,18.342,19.124000000000002,19.473,181995.76,183843.47,201936.73,6.46,0.24,-14.08,,4.58,,29552.6,11.74,,18.55
409,18.32,18.55,17.84,17.78,93431.52,-0.54,-2.94,18.13,18.938,19.349,146586.93,164035.28,194615.12,4.62,0.24,-14.08,,4.58,,29552.6,11.74,,13.56
410,13.53,13.56,12.51,12.26,153261.81,-1.11,-8.15,17.05,18.194000000000003,18.97,142386.56,159172.62,194715.81,8.3,0.24,-14.08,,4.58,,29552.6,11.74,,12.52
411,12.36,12.52,11.61,11.4,150725.3,-0.9,-7.19,15.832,17.298,18.531,142831.85,153259.51,192292.89,8.16,0.24,-14.08,,4.58,,29552.6,11.74,,12.27
412,11.4,12.27,12.09,11.0,152824.52,0.48,4.13,14.485999999999999,16.438,18.06,136215.04,147682.7,190120.83,8.28,0.24,-14.08,,4.58,,29552.6,11.74,,12.12
413,12.03,12.12,11.89,11.7,100089.64,-0.2,-1.65,13.187999999999999,15.765,17.588,130066.56,156031.16,185699.83,5.42,0.24,-14.08,,4.58,,29552.6,11.74,,11.98
414,11.8,11.98,11.48,11.4,119167.04,-0.41,-3.45,11.915999999999999,15.023,17.144000000000002,135213.66,140900.3,172431.15,6.45,0.24,-14.08,,4.58,,29552.6,11.74,,11.88
415,11.6,11.88,11.65,11.51,98096.74,0.17,1.48,11.744000000000002,14.397,16.81,124180.65,133283.61,163479.75,5.31,0.24,-14.08,,4.58,,29552.6,11.74,,11.6
416,11.54,11.6,11.0,10.91,114776.97,-0.65,-5.58,11.622,13.727,16.437,116990.98,129911.42,156938.66,6.22,0.24,-14.08,,4.58,,29552.6,11.74,,10.96
417,10.96,10.96,10.76,10.3,110254.11,-0.24,-2.18,11.356,12.921,16.033,108476.9,122345.97,152866.61,5.97,0.24,-14.08,,4.58,,29552.6,11.74,,11.1
418,10.8,11.1,10.92,10.6,70351.82,0.16,1.49,11.162,12.175,15.65,102529.34,116297.95,150070.71,3.81,0.24,-14.08,,4.58,,29552.6,11.74,,11.15
419,10.93,11.15,11.1,10.78,76676.39,0.18,1.65,11.085999999999999,11.501,15.22,94031.21,114622.43,139328.86,4.15,0.24,-14.08,,4.58,,29552.6,11.74,,11.78
420,11.16,11.78,11.54,11.05,142272.72,0.44,3.96,11.064,11.404000000000002,14.799000000000001,102866.4,113523.53,136348.07,7.7,0.24,-14.08,,4.58,,29552.6,11.74,,11.92
421,11.58,11.92,11.61,11.47,142560.0,0.07,0.61,11.186,11.404000000000002,14.350999999999999,108423.01,112707.0,132983.25,7.72,0.24,-14.08,,4.58,,29552.6,11.74,,11.7
422,11.41,11.7,11.44,11.3,99238.26,-0.17,-1.46,11.322000000000001,11.339,13.889000000000001,106219.84,107348.37,127515.53,5.37,0.24,-14.08,,4.58,,29552.6,11.74,,11.75
423,11.35,11.75,11.48,11.35,103246.57,0.04,0.35,11.434000000000001,11.298,13.532,112798.79,107664.06,131847.61,5.59,0.24,-14.08,,4.58,,29552.6,11.74,,11.79
424,11.58,11.79,11.79,11.53,103322.16,0.31,2.7,11.572000000000001,11.329,13.175999999999998,118127.94,106079.57,123489.93,5.59,0.24,-14.08,,4.58,,29552.6,11.74,,12.37
425,11.92,12.37,12.26,11.92,191820.94,0.47,3.99,11.716,11.39,12.894,128037.59,115451.99,124367.8,10.39,0.24,-14.08,,4.58,,29552.6,11.74,,12.2
426,12.2,12.2,12.12,11.9,114588.47,-0.14,-1.14,11.818,11.502,12.615,122443.28,115433.14,122672.28,6.2,0.24,-14.08,,4.58,,29552.6,11.74,,12.19
427,12.12,12.19,12.05,11.96,77798.79,-0.07,-0.58,11.94,11.630999999999998,12.276,118155.39,112187.61,117266.79,4.21,0.24,-14.08,,4.58,,29552.6,11.74,,12.25
428,12.08,12.25,12.14,11.98,84037.6,0.09,0.75,12.072000000000001,11.753,11.964,114313.59,113556.19,114927.07,4.55,0.24,-14.08,,4.58,,29552.6,11.74,,12.21
429,12.13,12.21,12.1,11.91,91712.47,-0.04,-0.33,12.134,11.853,11.677,111991.65,115059.8,114841.12,4.97,0.24,-14.08,,4.58,,29552.6,11.74,,12.1
430,12.04,12.1,11.8,11.8,91496.5,-0.3,-2.48,12.042,11.879000000000001,11.642000000000001,91926.77,109982.18,111752.85,4.95,0.24,-14.08,,4.58,,29552.6,11.74,,11.93
431,11.83,11.93,11.36,11.32,84655.43,-0.44,-3.73,11.89,11.854000000000001,11.629000000000001,85940.16,104191.72,108449.36,4.58,0.24,-14.08,,4.58,,29552.6,11.74,,11.45
432,11.35,11.45,11.28,10.99,82782.88,-0.08,-0.7,11.735999999999999,11.838,11.589,86936.98,102546.18,104947.28,4.48,0.24,-14.08,,4.58,,29552.6,11.74,,11.43
433,11.24,11.43,11.4,11.24,56358.46,0.12,1.06,11.588,11.83,11.564,81401.15,97857.37,102760.72,3.05,0.24,-14.08,,4.58,,29552.6,11.74,,11.74
434,11.41,11.74,11.64,11.41,73276.24,0.24,2.1,11.495999999999999,11.815,11.572000000000001,77713.9,94852.78,100466.18,3.97,0.24,-14.08,,4.58,,29552.6,11.74,,11.65
435,11.65,11.65,11.42,11.41,55658.21,-0.22,-1.89,11.42,11.731,11.561,70546.24,81236.51,98344.25,3.01,0.24,-14.08,,4.58,,29552.6,11.74,,11.52
436,11.42,11.52,11.5,11.41,43294.5,0.08,0.7,11.448,11.669,11.585999999999999,62274.06,74107.11,94770.13,2.34,0.24,-14.08,,4.58,,29552.6,11.74,,11.5
437,11.44,11.5,11.35,11.31,45513.26,-0.15,-1.3,11.462,11.599,11.615,54820.13,70878.55,91533.08,1.73,0.24,-14.08,,4.58,,29552.6,11.74,,11.53
438,11.38,11.53,11.5,11.32,47196.13,0.15,1.32,11.482000000000001,11.535,11.644,52987.67,67194.41,90375.3,1.79,0.24,-14.08,,4.58,,29552.6,11.74,,11.49
439,11.49,11.49,11.33,11.31,45924.57,-0.17,-1.48,11.42,11.458,11.655999999999999,47517.33,62615.62,88837.71,1.75,0.24,-14.08,,4.58,,29552.6,11.74,,11.32
440,11.32,11.32,11.3,11.03,68943.74,-0.03,-0.27,11.395999999999999,11.408,11.644,50174.44,60360.34,85171.26,2.62,0.24,-14.08,,4.58,,29552.6,11.74,,11.78
441,11.29,11.78,11.52,11.25,109582.54,0.22,1.95,11.4,11.424000000000001,11.639000000000001,63432.05,62853.05,83522.39,4.16,0.24,-14.08,,4.58,,29552.6,11.74,,11.47
442,11.45,11.47,11.39,11.31,59404.83,-0.13,-1.13,11.408,11.435,11.637,66210.36,60515.25,81530.71,2.26,0.24,-14.08,,4.58,,29552.6,11.74,,11.36
443,11.35,11.36,11.22,11.2,54596.14,-0.17,-1.49,11.352,11.417,11.624,67690.36,60339.02,79098.19,2.07,0.24,-14.08,,4.58,,29552.6,11.74,,12.23
444,11.29,12.23,11.87,11.25,243670.23,0.65,5.79,11.46,11.44,11.628,107239.5,77378.41,86115.6,9.26,0.24,-14.08,,4.58,,29552.6,11.74,,12.2
445,11.63,12.2,12.2,11.51,244177.12,0.33,2.78,11.64,11.517999999999999,11.625,142286.17,96230.31,88733.41,9.28,0.24,-14.08,,4.58,,29552.6,11.74,,12.55
446,12.1,12.55,12.38,11.96,245238.41,0.18,1.48,11.812000000000001,11.606,11.638,169417.35,116424.7,95265.9,9.32,0.24,-14.08,,4.58,,29552.6,11.74,,12.54
447,12.36,12.54,12.26,12.14,136226.27,-0.12,-0.97,11.985999999999999,11.697000000000001,11.648,184781.63,125496.0,98187.28,5.18,0.24,-14.08,,4.58,,29552.6,11.74,,12.45
448,12.18,12.45,11.54,11.03,148466.41,-0.72,-5.87,12.05,11.700999999999999,11.618,203555.69,135623.03,101408.72,5.64,0.24,-14.08,,4.58,,29552.6,11.74,,11.86
449,11.27,11.86,11.78,11.27,94197.67,0.24,2.08,12.032,11.745999999999999,11.602,173661.18,140450.34,101532.98,3.58,0.24,-14.08,,4.58,,29552.6,11.74,,11.96
450,11.68,11.96,11.9,11.6,97562.95,0.12,1.02,11.972000000000001,11.806,11.607000000000001,144338.34,143312.26,101836.3,3.71,0.24,-14.08,,4.58,,29552.6,11.74,,12.35
451,12.02,12.35,12.32,11.86,157498.02,0.42,3.53,11.96,11.886,11.655,126790.26,148103.81,105478.43,5.98,0.24,-14.08,,4.58,,29552.6,11.74,,12.47
452,12.2,12.47,12.08,12.03,144716.36,-0.24,-1.95,11.924000000000001,11.955,11.695,128488.28,156634.96,108575.1,5.5,0.24,-14.08,,4.58,,29552.6,11.74,,12.34
453,11.98,12.34,12.32,11.9,114689.91,0.24,1.99,12.08,12.065,11.741,121732.98,162644.34,111491.68,4.36,0.24,-14.08,,4.58,,29552.6,11.74,,12.43
454,12.2,12.43,12.18,12.08,96758.13,-0.14,-1.14,12.16,12.095999999999998,11.767999999999999,122245.07,147953.13,112665.77,3.68,0.24,-14.08,,4.58,,29552.6,11.74,,12.24
455,12.11,12.24,11.94,11.89,92947.84,-0.24,-1.97,12.168,12.07,11.794,121322.05,132830.2,114530.25,3.53,0.24,-14.08,,4.58,,29552.6,11.74,,12.13
456,11.93,12.13,11.97,11.62,94550.74,0.03,0.25,12.097999999999999,12.029000000000002,11.818,108732.6,117761.43,117093.06,3.59,0.24,-14.08,,4.58,,29552.6,11.74,,12.07
457,11.9,12.07,11.92,11.81,61230.86,-0.05,-0.42,12.065999999999999,11.995,11.845999999999998,92035.5,110261.89,117878.94,2.33,0.24,-14.08,,4.58,,29552.6,11.74,,11.96
458,11.9,11.96,11.68,11.66,92657.29,-0.24,-2.01,11.937999999999999,12.009,11.855,87628.97,104680.98,120152.0,3.52,0.24,-14.08,,4.58,,29552.6,11.74,,11.88
459,11.66,11.88,11.71,11.65,65421.55,0.03,0.26,11.844000000000001,12.002,11.874,81361.66,101803.37,121126.85,2.49,0.24,-14.08,,4.58,,29552.6,11.74,,11.9
460,11.71,11.9,11.6,11.6,80146.1,-0.11,-0.94,11.776,11.972000000000001,11.889000000000001,78801.31,100061.68,121686.97,3.05,0.24,-14.08,,4.58,,29552.6,11.74,,11.83
461,11.57,11.83,11.8,11.5,65107.54,0.2,1.72,11.742,11.92,11.902999999999999,72912.67,90822.63,119463.22,2.47,0.24,-14.08,,4.58,,29552.6,11.74,,11.83
462,11.82,11.83,11.6,11.59,58057.84,-0.2,-1.7,11.677999999999999,11.872,11.914000000000001,72278.06,82156.78,119395.87,2.21,0.24,-14.08,,4.58,,29552.6,11.74,,11.71
463,11.65,11.71,11.67,11.6,36091.45,0.07,0.6,11.675999999999998,11.807,11.936,60964.9,74296.93,118470.63,1.37,0.24,-14.08,,4.58,,29552.6,11.74,,11.73
464,11.68,11.73,11.7,11.53,65771.15,0.03,0.26,11.674000000000001,11.759,11.927999999999999,61034.82,71198.24,109575.68,2.5,0.24,-14.08,,4.58,,29552.6,11.74,,11.73
465,11.71,11.73,11.61,11.57,38442.76,-0.09,-0.77,11.675999999999998,11.725999999999999,11.898,52694.15,65747.73,99288.96,1.46,0.24,-14.08,,4.58,,29552.6,11.74,,11.69
466,11.62,11.69,11.43,11.38,60477.47,-0.18,-1.55,11.602,11.672,11.850999999999999,51768.13,62340.4,90050.92,2.3,0.24,-14.08,,4.58,,29552.6,11.74,,11.39
467,11.39,11.39,11.12,11.1,73837.78,-0.31,-2.71,11.505999999999998,11.592,11.794,54924.12,63601.09,86931.49,2.81,0.24,-14.08,,4.58,,29552.6,11.74,,11.29
468,11.12,11.29,11.27,11.12,34194.87,0.15,1.35,11.425999999999998,11.550999999999998,11.78,54544.81,57754.85,81217.91,1.3,0.41,-0.74,,6.75,,43792.17,12.45,,11.34
469,11.28,11.34,11.31,11.18,35285.4,0.04,0.35,11.347999999999999,11.511,11.757,48447.66,54741.24,78272.3,1.34,0.41,-0.74,,6.75,,43792.17,12.45,,11.39
470,11.33,11.39,11.39,11.25,32229.31,0.08,0.71,11.304,11.49,11.731,47204.97,49949.56,75005.62,1.22,0.41,-0.74,,6.75,,43792.17,12.45,,11.57
471,11.38,11.57,11.47,11.35,42600.17,0.08,0.7,11.312000000000001,11.457,11.689,43629.51,47698.82,69260.73,1.62,0.41,-0.74,,6.75,,43792.17,12.45,,11.7
472,11.43,11.7,11.6,11.34,69400.82,0.13,1.13,11.408,11.457,11.665,42742.11,48833.12,65494.95,2.64,0.41,-0.74,,6.75,,43792.17,12.45,,11.75
473,11.69,11.75,11.67,11.54,46805.37,0.07,0.6,11.488,11.457,11.632,45264.21,49904.51,62100.72,1.78,0.41,-0.74,,6.75,,43792.17,12.45,,11.68
474,11.67,11.68,11.48,11.45,45417.63,-0.19,-1.63,11.522,11.435,11.597000000000001,47290.66,47869.16,59533.7,1.73,0.41,-0.74,,6.75,,43792.17,12.45,,12.55
475,11.85,12.55,11.94,11.85,156322.25,0.46,4.01,11.632,11.468,11.597000000000001,72109.25,59657.11,62702.42,5.94,0.41,-0.74,,6.75,,43792.17,12.45,,11.98
476,11.8,11.98,11.68,11.68,77352.91,-0.26,-2.18,11.674000000000001,11.493,11.583,79059.8,61344.65,61842.53,2.94,0.41,-0.74,,6.75,,43792.17,12.45,,11.88
477,11.56,11.88,11.81,11.55,62776.67,0.13,1.11,11.716,11.562000000000001,11.577,77734.97,60238.54,61919.82,2.39,0.41,-0.74,,6.75,,43792.17,12.45,,11.97
478,11.85,11.97,11.89,11.78,65423.04,0.08,0.68,11.76,11.624,11.588,81458.5,63361.36,60558.1,2.49,0.41,-0.74,,6.75,,43792.17,12.45,,12.08
479,11.88,12.08,11.97,11.84,71170.06,0.08,0.67,11.857999999999999,11.69,11.600999999999999,86608.99,66949.82,60845.53,2.7,0.41,-0.74,,6.75,,43792.17,12.45,,12.29
480,12.01,12.29,12.17,11.92,96408.47,0.2,1.67,11.904000000000002,11.767999999999999,11.629000000000001,74626.23,73367.74,61658.65,3.66,0.41,-0.74,,6.75,,43792.17,12.45,,12.24
481,12.24,12.24,12.13,12.01,62825.52,-0.04,-0.33,11.994000000000002,11.834000000000001,11.645999999999999,71720.75,75390.27,61544.55,2.39,0.41,-0.74,,6.75,,43792.17,12.45,,12.18
482,12.18,12.18,12.17,12.07,58660.27,0.04,0.33,12.065999999999999,11.890999999999998,11.674000000000001,70897.47,74316.22,61574.67,2.23,0.41,-0.74,,6.75,,43792.17,12.45,,12.3
483,12.29,12.3,12.21,12.13,75705.11,0.04,0.33,12.13,11.945,11.700999999999999,72953.89,77206.19,63555.35,2.88,0.41,-0.74,,6.75,,43792.17,12.45,,12.16
484,12.16,12.16,12.02,12.0,55869.42,-0.19,-1.56,12.14,11.999,11.717,69893.76,78251.37,63060.27,2.12,0.41,-0.74,,6.75,,43792.17,12.45,,12.04
485,12.01,12.04,12.04,11.86,53169.07,0.02,0.17,12.114,12.009,11.739,61245.88,67936.05,63796.58,2.02,0.41,-0.74,,6.75,,43792.17,12.45,,12.06
486,12.06,12.06,11.84,11.83,58206.2,-0.2,-1.66,12.056,12.025,11.759,60322.01,66021.38,63683.02,2.21,0.41,-0.74,,6.75,,43792.17,12.45,,12.01
487,11.84,12.01,11.99,11.84,41844.97,0.15,1.27,12.02,12.043,11.802999999999999,56958.95,63928.21,62083.38,1.59,0.41,-0.74,,6.75,,43792.17,12.45,,12.14
488,12.0,12.14,12.12,11.92,57332.46,0.13,1.08,12.002,12.065999999999999,11.845,53284.42,63119.16,63240.26,2.18,0.41,-0.74,,6.75,,43792.17,12.45,,12.17
489,12.1,12.17,11.97,11.93,62832.09,-0.15,-1.24,11.992,12.065999999999999,11.878,54676.96,62285.36,64617.59,2.39,0.41,-0.74,,6.75,,43792.17,12.45,,12.3
490,12.05,12.3,12.2,12.03,87956.44,0.23,1.92,12.024000000000001,12.069,11.919,61634.43,61440.15,67403.95,3.34,0.41,-0.74,,6.75,,43792.17,12.45,,12.55
491,12.15,12.55,12.54,12.05,150558.03,0.34,2.79,12.164000000000001,12.11,11.972000000000001,80104.8,70213.41,72801.84,5.72,0.41,-0.74,,6.75,,43792.17,12.45,,12.43
492,12.42,12.43,12.32,12.24,102881.76,-0.22,-1.75,12.23,12.125,12.008,92312.16,74635.55,74475.89,3.91,0.41,-0.74,,6.75,,43792.17,12.45,,12.32
493,12.26,12.32,12.25,12.16,56637.53,-0.07,-0.57,12.255999999999998,12.129000000000001,12.037,92173.17,72728.8,74967.49,2.15,0.41,-0.74,,6.75,,43792.17,12.45,,12.27
494,12.21,12.27,12.27,12.16,49407.9,0.02,0.16,12.315999999999999,12.154000000000002,12.077,89488.33,72082.64,75167.01,1.88,0.41,-0.74,,6.75,,43792.17,12.45,,12.28
495,12.27,12.28,12.25,12.17,52151.64,-0.02,-0.16,12.325999999999999,12.175,12.092,82327.37,71980.9,69958.48,1.98,0.41,-0.74,,6.75,,43792.17,12.45,,12.24
496,12.22,12.24,11.97,11.93,62022.87,-0.28,-2.29,12.212,12.187999999999999,12.107000000000001,64620.34,72362.57,69191.98,2.36,0.41,-0.74,,6.75,,43792.17,12.45,,12.37
497,12.06,12.37,12.02,12.0,73265.61,0.05,0.42,12.152000000000001,12.190999999999999,12.117,58697.11,75504.63,69716.42,2.78,0.41,-0.74,,6.75,,43792.17,12.45,,12.03
498,11.98,12.03,11.84,11.78,42000.67,-0.18,-1.5,12.07,12.163,12.115,55769.74,73971.45,68545.3,1.6,0.41,-0.74,,6.75,,43792.17,12.45,,11.87
499,11.83,11.87,11.79,11.66,27004.38,-0.05,-0.42,11.974,12.145,12.106,51289.03,70388.68,66337.02,1.03,0.41,-0.74,,6.75,,43792.17,12.45,,11.85
500,11.79,11.85,11.81,11.72,24574.57,0.02,0.17,11.886,12.106,12.088,45773.62,64050.5,62745.33,0.93,0.41,-0.74,,6.75,,43792.17,12.45,,11.85
501,11.81,11.85,11.7,11.7,26315.68,-0.11,-0.93,11.832,12.022,12.065999999999999,38632.18,51626.26,60919.83,1.0,0.41,-0.74,,6.75,,43792.17,12.45,,11.79
502,11.72,11.79,11.76,11.69,20268.47,0.06,0.51,11.78,11.966,12.046,28032.75,43364.93,59000.24,0.77,0.41,-0.74,,6.75,,43792.17,12.45,,11.9
503,11.81,11.9,11.86,11.77,30529.84,0.1,0.85,11.784,11.927,12.027999999999999,25738.59,40754.16,56741.48,1.16,0.41,-0.74,,6.75,,43792.17,12.45,,11.92
504,11.81,11.92,11.92,11.72,31059.86,0.06,0.51,11.81,11.892000000000001,12.023,26549.68,38919.36,55501.0,1.18,0.41,-0.74,,6.75,,43792.17,12.45,,12.25
505,11.9,12.25,12.06,11.83,61691.74,0.14,1.17,11.86,11.873,12.024000000000001,33973.12,39873.37,55927.14,2.34,0.41,-0.74,,6.75,,43792.17,12.45,,12.17
506,12.0,12.17,12.08,11.91,42926.81,0.02,0.17,11.936,11.884,12.036,37295.34,37963.76,55163.17,1.63,0.41,-0.74,,6.75,,43792.17,12.45,,12.32
507,12.32,12.32,12.11,12.0,34721.0,0.03,0.25,12.005999999999998,11.892999999999999,12.042,40185.85,34109.3,54806.97,1.32,0.41,-0.74,,6.75,,43792.17,12.45,,12.17
508,12.14,12.17,11.89,11.87,33912.88,-0.22,-1.82,12.012,11.898,12.030999999999999,40862.46,33300.52,53635.99,1.29,0.41,-0.74,,6.75,,43792.17,12.45,,12.12
509,11.99,12.12,12.06,11.87,30205.91,0.17,1.43,12.04,11.925,12.035,40691.67,33620.68,52004.68,1.15,0.41,-0.74,,6.75,,43792.17,12.45,,12.2
510,12.09,12.2,12.0,11.92,37886.83,-0.06,-0.5,12.027999999999999,11.944,12.025,35930.69,34951.9,49501.2,1.44,0.41,-0.74,,6.75,,43792.17,12.45,,12.1
511,12.06,12.1,11.61,11.6,47935.81,-0.39,-3.25,11.934000000000001,11.935,11.979000000000001,36932.49,37113.92,44370.09,1.82,0.41,-0.74,,6.75,,43792.17,12.45,,12.35
512,11.77,12.35,12.19,11.74,93953.41,0.58,5.0,11.95,11.978,11.972000000000001,48778.97,44482.41,43923.67,3.57,0.41,-0.74,,6.75,,43792.17,12.45,,12.35
513,12.29,12.35,12.26,12.02,117184.5,0.07,0.57,12.024000000000001,12.017999999999999,11.972999999999999,65433.29,53147.88,46951.02,4.45,0.41,-0.74,,6.75,,43792.17,12.45,,13.49
514,12.19,13.49,13.49,12.14,378175.69,1.23,10.03,12.31,12.175,12.034,135027.25,87859.46,63389.41,14.37,0.41,-0.74,,6.75,,43792.17,12.45,,13.65
515,13.3,13.65,13.22,12.92,372023.84,-0.27,-2.0,12.554,12.290999999999999,12.082,201854.65,118892.67,79383.02,14.14,0.41,-0.74,,6.75,,43792.17,12.45,,13.59
516,12.74,13.59,12.89,12.73,198256.0,-0.33,-2.5,12.81,12.372,12.128,231918.69,134425.59,86194.68,7.53,,,,,,,,,14.0
517,12.83,14.0,13.79,12.41,305625.84,0.9,6.98,13.13,12.54,12.217,274253.17,161516.07,97812.69,11.61,,,,,,,,,13.9
518,13.5,13.9,13.55,13.31,204118.48,-0.24,-1.74,13.388,12.706,12.302,291639.97,178536.63,105918.58,7.76,,,,,,,,,13.97
519,13.5,13.97,13.7,13.13,207897.05,0.15,1.11,13.43,12.87,12.398,257584.24,196305.75,114963.21,7.9,,,,,,,,,13.96
520,13.59,13.96,13.39,13.31,170995.56,-0.31,-2.26,13.464,13.009,12.477,217378.59,209616.62,122284.26,6.5,,,,,,,,,13.9
521,13.43,13.9,13.9,13.33,188306.69,0.51,3.81,13.665999999999999,13.238,12.587,215388.72,223653.71,130383.81,7.16,,,,,,,,,14.35
522,14.0,14.35,13.82,13.8,261874.94,-0.08,-0.58,13.672,13.401,12.69,206638.54,240445.86,142464.13,9.95,,,,,,,,,13.6
523,13.57,13.6,13.04,12.88,229138.41,-0.78,-5.64,13.57,13.479000000000001,12.749,211642.53,251641.25,152394.56,8.71,,,,,,,,,13.15
524,13.07,13.15,13.12,12.81,113918.01,0.08,0.61,13.454,13.442,12.809000000000001,192846.72,225215.48,156537.47,4.33,,,,,,,,,13.05
525,13.02,13.05,12.44,12.41,135491.5,-0.68,-5.18,13.264000000000001,13.364,12.828,185745.91,201562.25,160227.46,5.15,,,,,,,,,12.42
526,12.35,12.42,12.28,12.1,87603.2,-0.16,-1.29,12.94,13.302999999999999,12.838,165605.21,190496.97,162461.28,3.33,,,,,,,,,12.34
527,12.21,12.34,11.29,11.07,140966.78,-0.99,-8.06,12.434000000000001,13.052999999999999,12.797,141423.58,174031.06,167773.57,5.36,,,,,,,,,11.2
528,11.2,11.2,10.98,10.48,92714.28,-0.31,-2.75,12.022,12.796,12.751,114138.75,162890.64,170713.64,3.52,,,,,,,,,10.96
529,10.91,10.96,10.79,10.63,64755.0,-0.19,-1.73,11.556,12.505,12.687999999999999,104306.15,148576.44,172441.09,2.46,,,,,,,,,10.93
530,10.8,10.93,10.9,10.73,50398.4,0.11,1.02,11.248,12.255999999999998,12.633,87287.53,136516.72,173066.67,1.92,,,,,,,,,10.86
531,10.84,10.86,10.36,10.32,62426.07,-0.54,-4.95,10.864,11.902000000000001,12.57,82252.11,123928.66,173791.18,2.37,,,,,,,,,10.53
532,10.32,10.53,10.45,10.3,35917.75,0.09,0.87,10.696,11.565,12.482999999999999,61242.3,101332.94,170889.4,1.36,,,,,,,,,10.64
533,10.47,10.64,10.42,10.4,35243.1,-0.03,-0.29,10.584000000000001,11.302999999999999,12.390999999999998,49748.06,81943.41,166792.33,1.34,,,,,,,,,10.65
534,10.46,10.65,10.57,10.42,36245.22,0.15,1.44,10.54,11.048,12.245,44046.11,74176.13,149695.81,1.38,,,,,,,,,10.8
535,10.56,10.8,10.8,10.49,44183.4,0.23,2.18,10.52,10.884,12.124,42803.11,65045.32,133303.78,1.68,,,,,,,,,10.85
536,10.75,10.85,10.65,10.61,35900.17,-0.15,-1.39,10.578,10.720999999999998,12.012,37497.93,59875.02,125185.99,1.36,,,,,,,,,10.73
537,10.62,10.73,10.63,10.45,33689.77,-0.02,-0.19,10.614,10.655,11.854000000000001,37052.33,49147.32,111589.19,1.28,,,,,,,,,10.67
538,10.56,10.67,10.15,10.15,60378.93,-0.48,-4.52,10.56,10.572000000000001,11.684000000000001,42079.5,45913.78,104402.21,2.29,,,,,,,,,10.24
539,10.13,10.24,9.51,9.35,76650.43,-0.64,-6.3,10.347999999999999,10.444,11.475,50160.54,47103.32,97839.88,2.91,,,,,,,,,9.61
540,9.5,9.61,9.6,9.39,38298.36,0.09,0.95,10.107999999999999,10.314,11.285,48983.53,45893.32,91205.02,1.46,,,,,,,,,9.68
541,9.62,9.68,9.59,9.54,25612.64,-0.01,-0.1,9.896,10.237,11.07,46926.03,42211.98,83070.32,0.97,,,,,,,,,9.69
542,9.58,9.69,9.68,9.55,24152.1,0.09,0.94,9.706,10.16,10.863,45018.49,41035.41,71184.18,0.92,,,,,,,,,9.97
543,9.7,9.97,9.91,9.7,38533.54,0.23,2.38,9.658,10.109,10.706,40649.41,41364.46,61653.93,1.46,,,,,,,,,9.9
544,9.85,9.9,9.69,9.65,28795.54,-0.22,-2.22,9.693999999999999,10.021,10.535,31078.44,40619.49,57397.81,1.09,,,,,,,,,9.76
545,9.63,9.76,9.7,9.58,20469.04,0.01,0.1,9.714,9.911,10.398,27512.57,38248.05,51646.69,0.78,,,,,,,,,10.13
546,9.7,10.13,9.85,9.62,42554.32,0.15,1.55,9.766,9.831,10.276,30900.91,38913.47,49394.24,1.62,,,,,,,,,9.86
547,9.78,9.86,9.73,9.64,26707.84,-0.12,-1.22,9.776,9.741,10.198,31412.06,38215.27,43681.3,1.01,,,,,,,,,9.8
548,9.77,9.8,9.7,9.64,21817.5,-0.03,-0.31,9.734,9.696,10.134,28068.85,34359.13,40136.46,0.83,,,,,,,,,9.75
549,9.71,9.75,9.7,9.63,22500.0,0.0,0.0,9.736,9.715,10.08,26809.74,28944.09,38023.71,0.85,,,,,,,,,9.7
550,9.7,9.7,9.48,9.48,28469.53,-0.22,-2.27,9.692,9.703,10.009,28409.84,27961.21,36927.26,1.08,,,,,,,,,9.54
551,9.53,9.54,9.48,9.31,21898.55,0.0,0.0,9.618,9.692,9.965,24278.68,27589.8,34900.89,0.83,,,,,,,,,9.52
552,9.51,9.52,9.46,9.32,23453.66,-0.02,-0.21,9.564,9.67,9.915,23627.85,27519.95,34277.68,0.89,,,,,,,,,9.49
553,9.49,9.49,9.34,9.34,19849.86,-0.12,-1.27,9.492,9.613,9.861,23234.32,25651.58,33508.02,0.75,,,,,,,,,9.54
554,9.34,9.54,9.48,9.34,24721.61,0.14,1.5,9.448,9.592,9.807,23678.64,25244.19,32931.84,0.94,,,,,,,,,9.5
555,9.48,9.5,9.38,9.36,23335.0,-0.1,-1.05,9.427999999999999,9.56,9.736,22651.74,25530.79,31889.42,0.89,,,,,,,,,9.46
556,9.4,9.46,9.37,9.34,21514.78,-0.01,-0.11,9.406,9.512,9.672,22574.98,23426.83,31170.15,0.82,,,,,,,,,9.51
557,9.37,9.51,9.49,9.35,24003.43,0.12,1.28,9.412,9.488,9.615,22684.94,23156.39,30685.83,0.91,,,,,,,,,10.02
558,9.49,10.02,9.9,9.47,66267.66,0.41,4.32,9.524,9.508,9.602,31968.5,27601.41,30980.27,2.52,,,,,,,,,10.23
559,9.9,10.23,9.9,9.8,61809.5,0.0,0.0,9.607999999999999,9.527999999999999,9.622,39386.07,31532.36,30238.22,2.35,,,,,,,,,10.39
560,9.9,10.39,10.33,9.81,100175.6,0.43,4.34,9.798,9.613,9.658,54754.19,38702.96,33332.09,3.81,,,,,,,,,10.37
561,10.28,10.37,10.23,10.17,58900.63,-0.1,-0.97,9.97,9.687999999999999,9.69,62231.36,42403.17,34996.48,2.24,,,,,,,,,10.23
562,10.21,10.23,10.05,9.93,53552.2,-0.18,-1.76,10.082,9.747,9.709,68141.12,45413.03,36466.49,2.03,,,,,,,,,10.21
563,9.99,10.21,10.07,9.98,39453.2,0.02,0.2,10.116,9.82,9.717,62778.23,47373.36,36512.47,1.5,,,,,,,,,10.1
564,10.1,10.1,10.07,9.84,42443.84,0.0,0.0,10.15,9.879,9.736,58905.09,49145.58,37194.89,1.61,,,,,,,,,10.07
565,10.04,10.07,10.0,9.91,29301.57,-0.07,-0.69,10.084,9.941,9.751,44730.29,49742.24,37636.51,1.11,,,,,,,,,10.17
566,9.92,10.17,10.03,9.92,42645.62,0.03,0.3,10.044,10.007,9.76,41479.29,51855.33,37641.08,1.62,,,,,,,,,10.15
567,10.04,10.15,9.85,9.85,34347.3,-0.18,-1.79,10.004,10.043,9.766,37638.31,52889.71,38023.05,1.31,,,,,,,,,9.98
568,9.78,9.98,9.89,9.76,27662.8,0.04,0.41,9.968,10.042,9.775,35280.23,49029.23,38315.32,1.05,,,,,,,,,10.25
569,9.86,10.25,10.24,9.86,72189.82,0.35,3.54,10.002,10.076,9.802,41229.42,50067.26,40799.81,2.74,,,,,,,,,10.24
570,10.24,10.24,10.13,10.07,47191.75,-0.11,-1.07,10.027999999999999,10.056000000000001,9.835,44807.46,44768.87,41735.92,1.79,,,,,,,,,10.27
571,10.12,10.27,10.07,10.05,41626.5,-0.06,-0.59,10.036,10.04,9.863999999999999,44603.63,43041.46,42722.32,1.58,,,,,,,,,10.13
572,10.09,10.13,10.05,9.89,34795.24,-0.02,-0.2,10.076,10.04,9.894,44693.22,41165.76,43289.4,1.32,,,,,,,,,10.16
573,10.08,10.16,10.06,10.0,37156.53,0.01,0.1,10.11,10.039,9.93,46591.97,40936.1,44154.73,1.41,,,,,,,,,10.06
574,9.96,10.06,10.03,9.96,39890.02,-0.03,-0.3,10.068,10.035,9.957,40132.01,40680.71,44913.15,1.52,,,,,,,,,10.38
575,10.04,10.38,10.1,9.98,60365.36,0.07,0.7,10.062000000000001,10.045,9.993,42766.73,43787.09,46764.67,2.29,,,,,,,,,10.28
576,10.1,10.28,10.11,10.06,53608.27,0.01,0.1,10.07,10.052999999999999,10.03,45163.08,44883.36,48369.34,2.04,,,,,,,,,10.19
577,10.11,10.19,9.96,9.91,40093.98,-0.15,-1.48,10.052,10.064,10.054,46222.83,45458.03,49173.87,1.52,,,,,,,,,10.0
578,9.98,10.0,9.99,9.9,25618.98,0.03,0.3,10.038,10.074,10.058,43915.32,45253.65,47141.44,0.97,,,,,,,,,10.12
579,10.12,10.12,9.7,9.66,53379.96,-0.29,-2.9,9.972000000000001,10.02,10.048,46613.31,43372.66,46719.96,2.03,,,,,,,,,9.8
580,9.71,9.8,9.0,8.74,75125.51,-0.7,-7.22,9.752,9.907,9.982000000000001,49565.34,46166.04,45467.45,2.85,,,,,,,,,8.91
581,8.91,8.91,8.65,8.43,93154.23,-0.35,-3.89,9.46,9.765,9.902999999999999,57474.53,51318.81,47180.13,3.54,,,,,,,,,8.64
582,8.43,8.64,8.54,8.4,33450.73,-0.11,-1.27,9.176,9.613999999999999,9.827,56145.88,51184.36,46175.06,1.27,,,,,,,,,8.43
583,8.43,8.43,7.87,7.82,63085.61,-0.67,-7.84,8.752,9.395,9.717,63639.21,53777.27,47356.68,2.4,,,,,,,,,8.15
584,8.07,8.15,8.0,7.81,34823.03,0.13,1.65,8.412,9.192,9.613999999999999,59927.82,53270.57,46975.64,1.32,,,,,,,,,8.12
585,8.01,8.12,8.12,7.95,22536.11,0.12,1.5,8.236,8.994,9.52,49409.94,49487.64,46637.37,0.86,,,,,,,,,7.97
586,7.92,7.97,7.91,7.71,31974.3,-0.21,-2.59,8.088,8.774,9.414,37173.96,47324.24,46103.8,1.21,,,,,,,,,8.11
587,7.95,8.11,8.07,7.95,17979.62,0.16,2.02,7.994,8.585,9.325,34079.73,45112.81,45285.42,0.68,,,,,,,,,8.33
588,8.33,8.33,8.19,8.16,22404.6,0.12,1.49,8.058,8.405,9.24,25943.53,44791.37,45022.51,0.85,,,,,,,,,8.7
