,open,high,close,low,volume,price_change,p_change,ma5,ma10,ma20,v_ma5,v_ma10,v_ma20,turnover,predict_low
0,15.26,15.33,15.27,15.16,8720.74,0.13,0.86,15.27,15.27,15.27,8720.74,8720.74,8720.74,0.72,15.18
1,15.32,15.33,15.26,15.18,8126.61,-0.01,-0.07,15.265,15.265,15.265,8423.67,8423.67,8423.67,0.67,15.29
2,15.29,15.46,15.37,15.29,148.0,0.11,0.72,15.3,15.3,15.3,5665.12,5665.12,5665.12,0.01,15.24
3,15.26,15.45,15.42,15.24,10347.03,0.16,1.05,15.33,15.33,15.33,6835.59,6835.59,6835.59,0.86,15.25
4,15.49,15.5,15.44,15.25,8709.62,0.02,0.13,15.352,15.352,15.352,7210.4,7210.4,7210.4,0.72,15.34
5,15.34,15.61,15.46,15.34,11711.27,0.02,0.13,15.39,15.37,15.37,7808.51,7960.54,7960.54,0.97,15.47
6,15.6,16.05,16.0,15.47,26420.54,0.54,3.49,15.538,15.46,15.46,11467.29,10597.69,10597.69,2.18,15.81
7,15.99,16.04,15.86,15.81,13675.16,-0.14,-0.88,15.636,15.51,15.51,14172.72,10982.37,10982.37,1.13,15.81
8,15.81,16.05,16.02,15.81,13777.04,0.16,1.01,15.755999999999998,15.567,15.567,14858.73,11292.89,11292.89,1.14,15.93
9,16.02,16.15,16.14,15.93,22848.12,0.12,0.75,15.895999999999999,15.624,15.624,17686.43,12448.41,12448.41,1.89,16.63
10,17.75,17.75,16.85,16.63,102750.39,0.71,4.4,16.174,15.782,15.735,35894.25,21851.38,20657.68,8.5,16.0
11,16.68,16.68,16.5,16.0,40127.71,-0.35,-2.08,16.274,15.905999999999999,15.799000000000001,38635.68,25051.49,22280.19,3.32,16.65
12,16.78,17.39,16.9,16.65,40142.29,0.4,2.42,16.482,16.059,15.884,43929.11,29050.92,23654.19,3.32,16.52
13,16.8,17.08,17.08,16.52,26562.64,0.18,1.06,16.694000000000003,16.225,15.969000000000001,46486.23,30672.48,23861.94,2.2,16.65
14,17.04,17.09,16.72,16.65,23062.42,-0.36,-2.11,16.81,16.352999999999998,16.019000000000002,46529.09,32107.76,23808.64,1.91,16.65
15,16.76,16.86,16.75,16.65,16510.42,0.03,0.18,16.79,16.482,16.065,29281.1,32587.67,23352.5,1.37,16.74
16,16.85,17.07,17.05,16.74,29777.04,0.3,1.79,16.9,16.587,16.123,27210.96,32923.32,23730.41,2.46,16.86
17,17.06,17.67,17.67,16.86,95233.91,0.62,3.64,17.054000000000002,16.768,16.209,38229.29,41079.2,27702.83,7.87,17.38
18,17.49,18.82,18.11,17.38,77341.49,0.44,2.49,17.26,16.977,16.309,48385.06,47435.64,30315.39,6.39,17.73
19,18.03,18.17,17.96,17.73,40209.98,-0.15,-0.83,17.508,17.159000000000002,16.392,51814.57,49171.83,30810.12,3.32,17.92
20,17.96,18.59,18.52,17.92,55047.18,0.56,3.12,17.862000000000002,17.326,16.554000000000002,59521.92,44401.51,33126.44,4.55,18.53
21,18.6,19.5,19.25,18.53,62526.99,0.73,3.94,18.302,17.601,16.754,66071.91,46641.44,35846.46,5.17,18.08
22,19.24,19.34,18.79,18.08,69983.15,-0.46,-2.39,18.526,17.79,16.925,61021.76,49625.52,39338.22,5.79,18.5
23,18.75,19.9,19.78,18.5,74734.42,0.99,5.27,18.86,18.06,17.143,60500.34,54442.7,42557.59,6.18,19.35
24,19.63,20.6,19.96,19.35,58192.76,0.18,0.91,19.26,18.384,17.369,64096.9,57955.73,45031.75,4.81,19.39
25,20.11,20.21,19.69,19.39,34221.46,-0.27,-1.35,19.494,18.678,17.58,59931.76,59726.84,46157.26,2.83,19.15
26,20.0,20.09,19.39,19.15,46533.72,-0.3,-1.52,19.522000000000002,18.912,17.75,56733.1,61402.51,47162.91,3.85,19.22
27,19.43,19.78,19.45,19.22,33939.38,0.06,0.31,19.654,19.09,17.929000000000002,49524.35,55273.05,48176.13,2.81,19.7
28,19.7,21.4,21.4,19.7,89039.84,1.95,10.03,19.977999999999998,19.419,18.198,52385.43,56442.89,51939.27,7.36,21.75
29,21.9,23.54,23.54,21.75,132465.05,2.14,10.0,20.694000000000003,19.977,18.567999999999998,67239.89,65668.4,57420.11,10.95,22.91
30,23.8,25.75,25.1,22.91,108381.25,1.56,6.63,21.776,20.635,18.980999999999998,82071.85,71001.8,57701.66,8.96,24.72
31,25.6,27.59,27.5,24.72,140246.17,2.4,9.56,23.398000000000003,21.46,19.531,100814.34,78773.72,62707.58,11.6,27.87
32,27.87,30.25,30.25,27.87,116543.35,2.75,10.0,25.558000000000003,22.605999999999998,20.198,117335.13,83429.74,66527.63,9.64,27.61
33,31.0,31.69,30.78,27.61,120810.65,0.53,1.75,27.434,23.706,20.883000000000003,123689.29,88037.36,71240.03,9.99,29.62
34,29.97,31.6,30.84,29.62,109604.89,0.06,0.2,28.894000000000002,24.794,21.589000000000002,119117.26,93178.58,75567.15,9.06,28.57
35,30.8,30.8,28.68,28.57,137714.75,-2.16,-7.0,29.61,25.693,22.186,124983.96,103527.91,81627.37,11.39,13.39
36,14.1,14.1,13.69,13.39,201224.72,-0.63,-4.4,26.848000000000003,25.123,22.018,137179.67,118997.01,90199.76,8.64,12.5
37,13.56,13.56,12.5,12.5,156663.5,-1.19,-8.69,23.298000000000002,24.428,21.759,145203.7,131269.42,93271.23,6.72,11.95
38,12.04,12.88,12.54,11.95,111483.6,0.04,0.32,19.65,23.541999999999998,21.480999999999998,143338.29,133513.79,94978.34,4.78,12.41
39,12.58,12.7,12.45,12.41,109652.48,-0.09,-0.72,15.972000000000001,22.433000000000003,21.205,143347.81,131232.54,98450.47,4.71,11.95
40,12.38,12.39,12.18,11.95,100159.97,-0.27,-2.17,12.672,21.141,20.888,135836.85,130410.41,100706.11,4.3,12.03
41,12.15,12.78,12.7,12.03,102468.16,0.52,4.27,12.474,19.660999999999998,20.561,116085.54,126632.61,102703.16,4.4,12.58
42,12.74,13.08,13.03,12.58,133674.28,0.33,2.6,12.58,17.939,20.273,111487.7,128345.7,105887.72,5.74,12.7
43,13.04,13.09,12.83,12.7,110033.94,-0.2,-1.53,12.638,16.144000000000002,19.925,111197.77,127268.03,107652.7,4.72,12.41
44,12.51,12.97,12.73,12.41,67647.57,-0.1,-0.78,12.694,14.333,19.564,102796.78,123072.3,108125.44,2.9,12.5
45,12.79,12.89,12.6,12.5,78034.73,-0.13,-1.02,12.777999999999999,12.725,19.209,98371.74,117104.3,110316.1,3.35,12.0
46,12.6,12.6,12.07,12.0,76942.5,-0.53,-4.21,12.652000000000001,12.562999999999999,18.843,93266.6,104676.07,111836.54,3.3,11.78
47,12.0,12.35,12.32,11.78,54519.72,0.25,2.07,12.51,12.545,18.487000000000002,77435.69,94461.7,112865.56,2.34,12.28
48,12.3,12.5,12.3,12.28,45265.01,-0.02,-0.16,12.404000000000002,12.520999999999999,18.032,64481.91,87839.84,110676.81,1.94,12.13
49,12.28,12.35,12.24,12.13,43805.88,-0.06,-0.49,12.306,12.5,17.467,59713.57,81255.18,106243.86,1.88,11.88
50,12.26,12.28,11.93,11.88,42539.61,-0.31,-2.53,12.172,12.475,16.808,52614.54,75493.14,102951.77,1.83,11.5
51,11.92,12.05,11.52,11.5,49193.44,-0.41,-3.44,12.062000000000001,12.357000000000001,16.009,47064.73,70165.67,98399.14,2.11,10.9
52,11.52,11.6,10.96,10.9,50638.06,-0.56,-4.86,11.79,12.15,15.045,46288.4,61862.05,95103.87,2.17,11.09
53,11.28,11.7,11.68,11.09,57265.49,0.72,6.57,11.665999999999999,12.035,14.09,48688.5,56585.2,91926.62,2.46,12.07
54,12.07,12.85,12.85,12.07,151798.36,1.17,10.02,11.788,12.047,13.19,70286.99,65000.28,94036.29,6.52,13.25
55,13.7,13.83,13.36,13.25,323820.47,0.51,3.97,12.074000000000002,12.123,12.424000000000001,126543.16,89578.85,103341.57,13.9,12.81
56,12.82,13.9,13.82,12.81,207651.95,0.46,3.44,12.534,12.298,12.431,158234.87,102649.8,103662.94,8.91,13.83
57,13.83,14.72,14.47,13.83,205496.3,0.65,4.7,13.235999999999999,12.513,12.529000000000002,189206.51,117747.46,106104.58,8.82,13.62
58,14.45,14.45,13.66,13.62,125536.27,-0.81,-5.6,13.632,12.649000000000001,12.585,202860.67,125774.58,106807.21,5.39,12.89
59,13.39,13.5,13.4,12.89,92740.08,-0.26,-1.9,13.742,12.765,12.633,191049.01,130668.0,105961.59,3.98,13.15
60,13.36,13.65,13.53,13.15,90770.26,0.13,0.97,13.776,12.925,12.7,144438.97,135491.07,105492.1,3.9,13.53
61,13.53,14.21,13.93,13.53,149957.73,0.4,2.96,13.798,13.165999999999999,12.762,132900.13,145567.5,107866.58,6.44,13.7
62,14.2,14.85,14.84,13.7,228146.89,0.91,6.53,13.872,13.554,12.852,137430.25,163318.38,112590.21,9.79,15.11
63,15.11,15.84,15.19,15.11,332281.16,0.35,2.36,14.177999999999999,13.905,12.97,178779.22,190819.95,123702.57,14.26,14.0
64,15.0,15.1,14.9,14.0,217467.45,-0.29,-1.91,14.478,14.11,13.079,203724.7,197386.86,131193.57,9.33,14.71
65,14.89,16.0,16.0,14.71,258549.62,1.1,7.38,14.972000000000001,14.374,13.249,237280.57,190859.77,140219.31,11.1,15.41
66,16.35,16.36,15.91,15.41,233346.34,-0.09,-0.56,15.368,14.583,13.440999999999999,253958.29,193429.21,148039.5,10.02,14.32
67,15.75,16.5,14.32,14.32,209518.17,-1.59,-9.99,15.264000000000001,14.568,13.540999999999999,250232.55,193831.4,155789.43,8.99,12.9
68,14.32,14.8,14.05,12.9,147963.55,-0.27,-1.89,15.036,14.607000000000001,13.628,213369.03,196074.12,160924.35,6.35,13.8
69,14.07,14.69,14.68,13.8,117627.56,0.63,4.48,14.992,14.735,13.75,193401.05,198562.87,164615.44,5.05,14.49
70,14.78,16.1,15.88,14.49,169517.05,1.2,8.17,14.968,14.97,13.948,175594.53,206437.55,170964.31,7.28,15.08
71,15.77,16.95,16.66,15.08,255039.97,0.78,4.91,15.118,15.243,14.205,179933.26,216945.78,181256.64,10.95,15.74
72,16.66,18.33,18.33,15.74,374436.28,1.67,10.02,15.92,15.592,14.573,212916.88,231574.72,197446.55,16.07,17.8
73,18.63,19.83,19.25,17.8,331780.38,0.92,5.02,16.96,15.998,14.952,249680.25,231524.64,211172.29,14.24,17.99
74,19.1,19.1,18.05,17.99,205453.08,-1.2,-6.23,17.634,16.313,15.212,267245.35,230323.2,213855.03,8.82,17.2
75,17.88,18.57,18.05,17.2,140855.98,0.0,0.0,18.067999999999998,16.518,15.446,261513.14,218553.84,204706.8,6.05,17.21
76,17.8,18.68,18.21,17.21,129964.77,0.16,0.89,18.378,16.748,15.665999999999999,236498.1,208215.68,200822.44,5.58,17.59
77,18.21,18.24,17.93,17.59,113927.25,-0.28,-1.54,18.298,17.109,15.839,184396.29,198656.59,196243.99,4.89,17.8
78,17.8,18.68,18.28,17.8,120437.87,0.35,1.95,18.104,17.532,16.07,142127.79,195904.02,195989.07,5.17,18.18
79,18.36,19.6,18.95,18.18,201191.05,0.67,3.67,18.284000000000002,17.959,16.347,141275.38,204260.37,201411.62,8.64,18.28
80,18.61,20.85,20.85,18.28,303016.66,1.9,10.03,18.844,18.456,16.713,173707.52,217610.33,212023.94,13.01,19.5
81,21.0,21.39,20.41,19.5,233892.3,-0.44,-2.11,19.284000000000002,18.831,17.037,194493.03,215495.56,216220.67,10.04,18.37
82,20.0,20.41,18.37,18.37,189983.47,-2.04,-9.99,19.372,18.835,17.214000000000002,209704.27,197050.28,214312.5,8.15,16.53
83,17.44,17.98,16.53,16.53,117310.95,-1.84,-10.02,19.022000000000002,18.563,17.281,209078.89,175603.34,203563.99,5.04,14.88
84,15.44,17.0,15.92,14.88,127117.11,-0.61,-3.69,18.416,18.35,17.332,194264.1,167769.74,199046.47,5.46,16.02
85,16.13,17.51,17.51,16.02,203740.95,1.59,9.99,17.748,18.296,17.407,174408.96,174058.24,196306.04,8.74,17.33
86,17.8,18.69,17.8,17.33,177168.23,0.29,1.66,17.226,18.255,17.502,163064.14,178778.58,193497.13,7.6,16.02
87,17.44,17.44,16.02,16.02,82489.41,-1.78,-10.0,16.756,18.064,17.587,141565.33,175634.8,187145.69,3.54,14.42
88,16.24,16.8,14.48,14.42,135198.83,-1.54,-9.61,16.346,17.684,17.608,145142.91,177110.9,186507.46,5.8,13.03
89,14.4,15.5,15.45,13.03,130031.81,0.97,6.7,16.252,17.334,17.647000000000002,145725.85,169994.97,187127.67,5.58,13.91
90,15.36,15.77,13.91,13.91,92735.26,-1.54,-9.97,15.532,16.64,17.548,123524.71,148966.83,183288.58,3.98,12.52
91,13.52,14.45,12.52,12.52,79618.63,-1.39,-9.99,14.475999999999999,15.850999999999999,17.340999999999998,104014.79,133539.47,174517.51,3.42,11.27
92,11.27,12.49,11.27,11.27,66040.71,-1.25,-9.98,13.526,15.140999999999998,16.988,100725.05,121145.19,159097.74,2.83,10.14
93,12.28,12.28,10.14,10.14,90614.45,-1.13,-10.03,12.658,14.502,16.533,91808.17,118475.54,147039.44,3.89,9.13
94,9.13,9.84,9.13,9.13,16088.0,-1.01,-9.96,11.394,13.823,16.087,69019.41,107372.63,137571.18,0.69,10.04
95,10.04,10.04,10.04,10.04,795.05,0.91,9.97,10.62,13.075999999999999,15.686,50631.37,87078.04,130568.14,0.03,11.04
96,11.04,11.04,11.04,11.04,2088.0,1.0,9.96,10.324000000000002,12.4,15.328,35125.24,69570.02,124174.3,0.09,12.14
97,12.14,12.14,12.14,12.14,4262.83,1.1,9.96,10.498,12.012,15.038,22769.67,61747.36,118691.08,0.18,13.35
98,13.35,13.35,13.35,13.35,18848.98,1.21,9.97,11.14,11.899000000000001,14.792,8416.57,50112.37,113611.63,0.81,12.02
99,13.34,13.35,12.02,12.02,214645.45,-1.33,-9.96,11.718,11.556,14.445,48128.06,58573.74,114284.35,9.21,10.82
100,10.9,12.2,11.05,10.82,139442.52,-0.97,-8.07,11.92,11.27,13.955,75857.56,63244.46,106105.65,5.99,11.06
101,11.4,12.16,12.16,11.06,183360.81,1.11,10.04,12.144,11.234000000000002,13.543,112112.12,73618.68,103579.07,7.87,11.8
102,12.4,12.88,11.8,11.8,165634.83,-0.36,-2.96,12.075999999999999,11.287,13.214,144386.52,83578.09,102361.64,7.11,11.13
103,11.45,12.39,11.95,11.13,109742.95,0.15,1.27,11.796,11.468,12.985,162565.31,85490.94,101983.24,4.71,10.76
104,11.98,11.98,10.76,10.76,93590.79,-1.19,-9.96,11.544,11.630999999999998,12.727,138354.38,93241.22,100306.92,4.02,10.4
105,10.53,11.55,11.45,10.4,95981.72,0.69,6.41,11.624,11.772,12.424000000000001,129662.22,102759.89,94918.96,4.12,11.75
106,12.08,12.45,12.01,11.75,177727.83,0.56,4.89,11.594000000000001,11.869000000000002,12.135,128535.62,120323.87,94946.94,7.63,11.3
107,11.31,12.99,12.5,11.3,162038.12,0.49,4.08,11.734000000000002,11.905,11.959000000000001,127816.28,136101.4,98924.38,6.95,12.4
108,12.68,12.89,12.55,12.4,144914.56,0.05,0.4,11.854000000000001,11.825,11.862,134850.6,148707.96,99410.17,6.22,12.41
109,12.62,13.42,13.15,12.41,135321.36,0.6,4.78,12.332,11.937999999999999,11.747,143196.72,140775.55,99674.64,5.81,13.02
110,13.02,13.7,13.35,13.02,142574.8,0.2,1.52,12.712,12.168,11.719000000000001,152515.33,141088.78,102166.62,6.12,12.8
111,13.02,13.4,12.85,12.8,86341.92,-0.5,-3.75,12.88,12.237,11.735999999999999,134238.15,131386.89,102502.78,3.71,12.5
112,12.52,13.08,13.08,12.5,69446.9,0.23,1.79,12.995999999999999,12.365,11.825999999999999,115719.91,121768.1,102673.09,2.98,13.04
113,13.25,13.45,13.2,13.04,85253.11,0.12,0.92,13.126,12.49,11.979000000000001,103787.62,119319.11,102405.03,3.66,13.01
114,13.01,14.25,14.22,13.01,128757.0,1.02,7.73,13.34,12.835999999999999,12.234000000000002,102474.75,122835.73,108038.48,5.53,12.8
115,14.22,14.86,12.89,12.8,158247.58,-1.33,-9.35,13.248,12.98,12.376,105609.3,129062.32,115911.1,6.79,12.0
116,12.65,13.7,13.61,12.0,101844.08,0.72,5.59,13.4,13.14,12.505,108709.73,121473.94,120898.91,4.37,12.25
117,12.25,12.25,12.25,12.25,6713.0,-1.36,-9.99,13.234000000000002,13.115,12.51,96162.95,105941.43,121021.42,0.29,11.03
118,11.03,11.03,11.03,11.03,20531.0,-1.22,-9.96,12.8,12.963,12.394,83218.53,93503.07,121105.52,0.88,10.29
119,10.34,11.03,10.5,10.29,148010.03,-0.53,-4.8,12.056,12.698,12.318,87069.14,94771.94,117773.75,6.35,10.13
120,10.3,10.83,10.83,10.13,109269.86,0.33,3.14,11.644,12.446,12.307,77273.59,91441.45,116265.11,4.69,10.0
121,10.56,10.68,10.06,10.0,70560.02,-0.77,-7.11,10.934000000000001,12.167,12.202,71016.78,89863.26,110625.07,3.03,9.84
122,10.2,10.31,10.15,9.84,39319.73,0.09,0.9,10.514000000000001,11.874,12.12,77538.13,86850.54,104309.32,1.69,9.51
123,10.05,10.05,9.63,9.51,48180.89,-0.52,-5.12,10.234,11.517000000000001,12.004000000000001,83068.11,83143.32,101231.22,2.07,9.7
124,9.71,9.93,9.8,9.7,33904.88,0.17,1.76,10.094,11.075,11.956,60247.08,73658.11,98246.92,1.46,9.83
125,9.84,9.89,9.83,9.83,1258.0,0.03,0.31,9.894,10.769,11.875,38644.7,57959.15,93510.73,0.05,9.96
126,9.97,10.41,10.41,9.96,62349.83,0.61,6.22,9.964,10.449000000000002,11.795,37002.67,54009.72,87741.83,2.68,10.16
127,10.26,10.4,10.3,10.16,50254.67,-0.11,-1.06,9.994,10.254000000000001,11.685,39189.65,58363.89,82152.66,2.16,10.33
128,10.35,10.98,10.91,10.33,95989.79,0.61,5.92,10.25,10.242,11.603,48751.43,65909.77,79706.42,4.12,10.7
129,10.85,11.18,11.02,10.7,75776.45,0.11,1.01,10.494000000000002,10.294,11.495999999999999,57125.75,58686.41,76729.18,3.25,10.6
130,11.02,11.03,10.67,10.6,62768.9,-0.35,-3.18,10.662,10.277999999999999,11.362,69427.93,54036.32,72738.88,2.69,10.5
131,10.52,10.97,10.91,10.5,55810.56,0.24,2.25,10.762,10.363,11.265,68120.07,52561.37,71212.31,2.4,10.95
132,10.99,11.3,11.25,10.95,83366.87,0.34,3.12,10.952,10.472999999999999,11.174000000000001,74742.51,56966.08,71908.31,3.58,11.15
133,11.25,11.75,11.33,11.15,96773.59,0.08,0.71,11.036,10.642999999999999,11.08,74899.27,61825.35,72484.34,4.15,11.06
134,11.3,12.38,12.19,11.06,107525.13,0.86,7.59,11.27,10.882,10.979000000000001,81249.01,69187.38,71422.74,4.62,10.97
135,12.0,12.1,10.97,10.97,104939.4,-1.22,-10.01,11.33,10.995999999999999,10.883,89683.11,79555.52,68757.33,4.5,10.66
136,10.97,11.5,11.48,10.66,69599.4,0.51,4.65,11.444,11.103,10.776,92440.88,80280.48,67145.1,2.99,11.45
137,11.46,12.35,12.12,11.45,108420.2,0.64,5.58,11.618,11.285,10.77,97451.54,86097.03,72230.46,4.65,13.28
138,13.28,13.28,13.28,13.28,28884.11,1.21,10.03,12.008,11.522,10.882,83873.65,79386.46,72648.12,1.18,14.61
139,14.61,14.61,14.61,14.61,9249.24,1.33,10.02,12.492,11.880999999999998,11.088,64218.47,72733.74,65710.08,0.38,14.01
140,14.9,15.88,14.12,14.01,300699.84,-0.49,-3.35,13.122,12.225999999999999,11.252,103370.56,96526.83,75281.58,12.33,13.52
141,13.7,14.49,14.4,13.52,165131.58,0.28,1.98,13.706,12.575,11.469000000000001,122476.99,107458.94,80010.15,6.77,13.5
142,14.35,14.35,13.72,13.5,149776.73,-0.68,-4.72,14.026,12.822000000000001,11.648,130748.3,114099.92,85533.0,6.14,13.04
143,13.6,13.78,13.15,13.04,147327.45,-0.57,-4.16,14.0,13.004000000000001,11.824000000000002,154436.97,119155.31,90490.33,6.04,12.6
144,13.2,13.23,12.65,12.6,184376.36,-0.5,-3.8,13.607999999999999,13.05,11.966,189462.39,126840.43,98013.91,7.56,12.68
145,12.84,13.15,13.1,12.68,143037.91,0.45,3.56,13.404000000000002,13.263,12.13,157930.01,130650.28,105102.9,5.87,12.9
146,13.15,13.29,12.99,12.9,105377.95,-0.11,-0.84,13.122,13.414000000000001,12.259,145979.28,134228.14,107254.31,4.32,12.92
147,13.1,13.32,13.25,12.92,99026.39,0.26,2.0,13.027999999999999,13.527000000000001,12.405999999999999,135829.21,133288.76,109692.89,4.06,12.2
148,13.35,13.46,12.2,12.2,135926.59,-1.05,-7.92,12.838,13.419,12.470999999999998,133549.04,143993.0,111689.73,5.58,10.98
149,11.8,11.8,10.98,10.98,104985.63,-1.22,-10.0,12.504000000000001,13.056,12.469000000000001,117670.89,153566.64,113150.19,4.31,10.8
150,10.83,11.24,11.02,10.8,57517.5,0.04,0.36,12.088,12.745999999999999,12.485999999999999,100566.81,129248.41,112887.62,2.36,10.4
151,11.1,11.19,10.8,10.4,76481.61,-0.22,-2.0,11.65,12.386,12.481,94787.54,120383.41,113921.17,3.14,10.12
152,10.59,10.59,10.53,10.12,57571.16,-0.27,-2.5,11.106,12.067,12.445,86496.5,111162.86,112631.39,2.36,10.4
153,10.42,10.96,10.67,10.4,77742.43,0.14,1.33,10.8,11.819,12.412,74859.67,104204.35,111679.83,3.19,10.56
154,10.79,11.18,11.05,10.56,56620.2,0.38,3.56,10.814,11.659,12.355,65186.58,91428.74,109134.58,2.32,10.92
155,11.05,11.43,11.11,10.92,67918.36,0.06,0.54,10.832,11.46,12.362,67266.75,83916.78,107283.53,2.79,10.2
156,10.78,10.78,10.47,10.2,61077.14,-0.64,-5.76,10.765999999999998,11.208,12.311,64185.86,79486.7,106857.42,2.51,10.32
157,10.32,10.71,10.48,10.32,36705.12,0.01,0.1,10.755999999999998,10.931,12.229000000000001,60012.65,73254.57,103271.67,1.51,10.03
158,10.37,10.67,10.65,10.03,36993.43,0.17,1.62,10.752,10.776,12.097999999999999,51862.85,63361.26,103677.13,1.52,10.6
159,10.65,11.2,11.03,10.6,68066.91,0.38,3.57,10.748,10.780999999999999,11.919,54152.19,59669.39,106618.01,2.79,10.65
160,10.88,10.95,10.7,10.65,55921.75,-0.33,-2.99,10.665999999999999,10.749,11.748,51752.87,59509.81,94379.11,2.29,10.53
161,10.8,10.95,10.61,10.53,39088.32,-0.09,-0.84,10.694,10.73,11.558,47355.11,55770.48,88076.95,1.6,10.31
162,10.59,11.05,10.95,10.31,69097.3,0.34,3.21,10.788,10.772,11.42,53833.54,56923.1,84042.98,2.83,10.92
163,10.97,11.98,11.57,10.92,108947.4,0.62,5.66,10.972000000000001,10.862,11.341,68224.34,60043.59,82123.97,4.47,11.32
164,11.48,12.7,12.69,11.32,131935.95,1.12,9.68,11.304,11.026,11.343,80998.14,67575.17,79501.95,5.41,12.35
165,12.58,12.98,12.91,12.35,169789.89,0.22,1.73,11.745999999999999,11.206,11.333,103771.77,77762.32,80839.55,6.96,12.53
166,12.8,12.95,12.75,12.53,116337.07,-0.16,-1.24,12.174000000000001,11.434000000000001,11.321,119221.52,83288.31,81387.51,4.77,12.7
167,12.8,13.08,12.9,12.7,90526.37,0.15,1.18,12.564,11.675999999999998,11.304,123507.34,88670.44,80962.51,3.71,12.34
168,12.99,13.0,12.6,12.34,76430.47,-0.3,-2.33,12.77,11.870999999999999,11.324000000000002,117003.95,92614.14,77987.7,3.14,12.4
169,12.6,12.75,12.68,12.4,56618.14,0.08,0.64,12.767999999999999,12.036,11.409,101940.39,91469.27,75569.33,2.32,12.48
170,12.72,12.77,12.52,12.48,39153.0,-0.16,-1.26,12.69,12.218,11.484000000000002,75813.01,89792.39,74651.1,1.61,12.48
171,12.54,13.68,13.5,12.48,133336.08,0.98,7.83,12.84,12.507,11.619000000000002,79212.81,99217.17,77493.82,5.47,12.66
172,13.08,13.88,12.76,12.66,158775.61,-0.74,-5.48,12.812000000000001,12.687999999999999,11.73,92862.66,108185.0,82554.05,6.51,12.55
173,12.7,13.27,12.99,12.55,80915.12,0.23,1.8,12.89,12.83,11.845999999999998,93759.59,105381.77,82712.68,3.32,12.89
174,12.9,14.06,13.85,12.89,115864.93,0.86,6.62,13.124,12.946,11.985999999999999,105608.95,103774.67,85674.92,4.75,13.55
175,13.6,13.97,13.96,13.55,76771.38,0.11,0.79,13.412,13.050999999999998,12.129000000000001,113132.62,94472.82,86117.57,3.15,13.7
176,13.96,14.19,13.77,13.7,68682.14,-0.19,-1.36,13.466,13.152999999999999,12.294,100201.84,89707.32,86497.82,2.82,12.42
177,13.44,13.46,13.09,12.42,79192.3,-0.68,-4.94,13.532,13.172,12.424000000000001,84285.17,88573.92,88622.18,3.25,12.6
178,13.47,13.6,12.68,12.6,101197.47,-0.41,-3.13,13.47,13.18,12.526,88341.64,91050.62,91832.38,4.15,12.1
179,12.81,12.83,12.57,12.1,88722.42,-0.11,-0.87,13.214,13.169,12.603,82913.14,94261.05,92865.16,3.64,12.16
180,12.49,12.68,12.45,12.16,63404.89,-0.12,-0.95,12.912,13.162,12.69,80239.84,96686.23,93239.31,2.6,12.11
181,12.4,13.6,13.36,12.11,114079.78,0.91,7.31,12.83,13.148,12.828,89319.37,94760.6,96988.89,4.68,12.9
182,13.01,13.5,13.3,12.9,97110.69,-0.06,-0.45,12.872,13.202,12.945,92903.05,88594.11,98389.56,3.98,12.88
183,13.25,13.28,13.09,12.88,80578.46,-0.21,-1.58,12.954,13.212,13.020999999999999,88779.25,88560.45,96971.11,3.31,12.93
184,13.2,13.27,13.0,12.93,53573.21,-0.09,-0.69,13.04,13.127,13.037,81749.41,82331.27,93052.97,2.2,12.84
185,12.99,13.11,12.88,12.84,45431.28,-0.12,-0.92,13.126,13.019,13.035,78154.68,79197.26,86835.04,1.75,12.76
186,12.85,13.1,12.99,12.76,57484.47,0.11,0.85,13.052,12.940999999999999,13.047,66835.62,78077.5,83892.41,2.21,12.9
187,13.0,13.25,13.1,12.9,77608.33,0.11,0.85,13.012,12.942,13.057,62935.15,77919.1,83246.51,2.98,12.8
188,13.1,13.15,12.93,12.8,85131.25,-0.17,-1.3,12.98,12.967,13.074000000000002,63845.71,76312.48,83681.55,3.27,12.66
189,12.84,12.93,12.78,12.66,51136.14,-0.15,-1.16,12.936,12.988,13.079,63358.29,72553.85,83407.45,1.97,12.74
190,12.8,13.06,13.01,12.74,73691.28,0.23,1.8,12.962,13.044,13.103,69010.29,73582.49,85134.36,2.83,12.78
191,13.0,13.05,12.78,12.78,52704.51,-0.23,-1.77,12.92,12.985999999999999,13.067,68054.3,67444.96,81102.78,2.03,12.68
192,12.71,12.84,12.7,12.68,39297.53,-0.08,-0.63,12.84,12.925999999999998,13.064,60392.14,61663.65,75128.88,1.51,12.45
193,12.68,12.84,12.74,12.45,41314.72,0.04,0.32,12.802,12.890999999999998,13.052,51628.84,57737.27,73148.86,1.59,12.74
194,12.78,13.47,13.35,12.74,107684.27,0.61,4.79,12.915999999999999,12.925999999999998,13.027000000000001,62938.46,63148.38,72739.83,4.14,13.1
195,13.3,13.31,13.22,13.1,59894.84,-0.13,-0.97,12.958,12.96,12.99,60179.17,64594.73,71896.0,2.3,12.86
196,13.16,13.27,12.95,12.86,61437.6,-0.27,-2.04,12.992,12.956,12.949000000000002,61925.79,64990.05,71533.77,2.36,12.91
197,12.94,13.28,13.27,12.91,76420.56,0.32,2.47,13.106,12.972999999999999,12.958,69350.4,64871.27,71395.18,2.94,13.05
198,13.27,13.3,13.14,13.05,43315.31,-0.13,-0.98,13.186,12.994000000000002,12.981,69750.52,60689.68,68501.08,1.67,13.06
199,13.14,13.76,13.66,13.06,122769.69,0.52,3.96,13.248,13.082,13.035,72767.6,67853.03,70203.44,4.72,13.35
200,13.75,13.8,13.52,13.35,98618.16,-0.14,-1.02,13.308,13.133,13.089,80512.26,70345.72,71964.1,3.79,13.24
201,13.52,13.58,13.27,13.24,56227.88,-0.25,-1.85,13.372,13.182,13.084000000000001,79470.32,70698.06,69071.51,2.16,13.09
202,13.2,13.47,13.27,13.09,44041.54,0.0,0.0,13.372,13.239,13.083,72994.52,71172.46,66418.05,1.69,13.2
203,13.28,13.42,13.39,13.2,42615.88,0.12,0.9,13.422,13.304,13.097999999999999,72854.63,71302.57,64519.92,1.64,12.49
204,13.45,13.45,12.5,12.49,81215.0,-0.89,-6.65,13.19,13.219000000000001,13.073,64543.69,68655.65,65902.01,3.12,12.07
205,12.5,12.63,12.11,12.07,56608.77,-0.39,-3.12,12.908,13.107999999999999,13.034,56141.81,68327.04,66460.89,2.18,12.11
206,12.15,12.36,12.31,12.11,46438.2,0.2,1.65,12.716,13.044,13.0,54183.88,66827.1,65908.57,1.79,11.65
207,12.21,12.21,11.69,11.65,44404.4,-0.62,-5.04,12.4,12.886,12.93,54256.45,63625.48,64248.38,1.71,11.64
208,11.64,11.95,11.86,11.64,28480.76,0.17,1.45,12.094000000000001,12.758,12.876,51429.43,62142.03,61415.85,1.09,11.81
209,11.92,12.17,12.05,11.81,30419.91,0.19,1.6,12.004000000000001,12.597000000000001,12.84,41270.41,52907.05,60380.04,1.17,11.96
210,12.15,13.26,13.26,11.96,109876.42,1.21,10.04,12.234000000000002,12.571,12.852,51923.94,54032.88,62189.3,4.22,12.6
211,12.85,13.59,12.74,12.6,161682.03,-0.52,-3.92,12.32,12.517999999999999,12.85,74972.7,64578.29,67638.17,6.21,12.13
212,12.68,12.75,12.44,12.13,108903.0,-0.3,-2.35,12.47,12.435,12.837,87872.42,71064.44,71118.45,4.19,12.31
213,12.44,12.53,12.45,12.31,78273.63,0.01,0.08,12.588,12.341,12.823,97831.0,74630.21,72966.39,3.01,12.08
214,12.44,12.46,12.1,12.08,72492.26,-0.35,-2.81,12.597999999999999,12.300999999999998,12.76,106245.47,73757.94,71206.79,2.79,11.95
215,12.12,12.35,12.24,11.95,62749.09,0.14,1.16,12.394,12.314,12.710999999999999,96820.0,74371.97,71349.5,2.41,12.05
216,12.22,12.25,12.18,12.05,33714.98,-0.06,-0.49,12.282,12.300999999999998,12.673,71226.59,73099.65,69963.37,1.3,12.03
217,12.17,12.4,12.32,12.03,55259.53,0.14,1.15,12.258,12.364,12.625,60497.9,74185.16,68905.32,2.12,12.25
218,12.33,12.57,12.42,12.25,65510.05,0.1,0.81,12.252,12.42,12.589,57945.18,77888.09,70015.06,2.52,12.4
219,12.43,12.97,12.81,12.4,114054.1,0.39,3.14,12.394,12.495999999999999,12.547,66257.55,86251.51,69579.28,4.38,12.55
220,12.74,12.87,12.66,12.55,71091.33,-0.15,-1.17,12.478,12.436,12.504000000000001,67926.0,82373.0,68202.94,2.73,12.5
221,12.61,12.82,12.79,12.5,61068.33,0.13,1.03,12.6,12.440999999999999,12.48,73396.67,72311.63,68444.96,2.35,12.66
222,12.7,13.08,12.74,12.66,63307.39,-0.05,-0.39,12.684000000000001,12.470999999999998,12.453,75006.24,67752.07,69408.25,2.43,12.65
223,12.7,13.8,13.74,12.65,223078.77,1.0,7.85,12.948,12.6,12.470999999999998,106519.98,82232.58,78431.4,8.58,13.51
224,13.6,14.67,13.64,13.51,316051.34,-0.1,-0.73,13.114,12.754000000000001,12.527999999999999,146919.43,106588.49,90173.21,12.15,13.0
225,13.32,14.16,14.1,13.0,185662.42,0.46,3.37,13.402000000000001,12.94,12.627,169833.65,118879.82,96625.9,7.14,13.85
226,13.85,14.75,14.2,13.85,181007.56,0.1,0.71,13.684000000000001,13.142000000000001,12.722000000000001,193821.5,133609.08,103354.37,6.96,13.72
227,14.16,14.53,14.49,13.72,126972.88,0.29,2.04,14.034,13.359000000000002,12.862,206554.59,140780.42,107482.79,4.88,13.96
228,14.29,14.65,14.06,13.96,103087.08,-0.43,-2.97,14.097999999999999,13.523,12.972000000000001,182556.26,144538.12,111213.11,3.96,13.73
229,14.18,14.18,14.04,13.73,66858.27,-0.02,-0.14,14.177999999999999,13.645999999999999,13.071,132717.64,139818.54,113035.02,2.57,13.85
230,14.0,14.43,14.21,13.85,92582.15,0.17,1.21,14.2,13.800999999999998,13.119000000000002,114101.59,141967.62,112170.31,3.56,13.8
231,14.25,14.26,13.93,13.8,57685.89,-0.28,-1.97,14.145999999999999,13.915,13.177999999999999,89437.25,141629.38,106970.5,2.22,13.61
232,13.92,14.02,13.72,13.61,52884.68,-0.21,-1.51,13.992,14.013,13.242,74619.61,140587.1,104169.59,2.03,13.4
233,13.8,13.95,13.84,13.4,64102.86,0.12,0.88,13.948,14.023,13.312000000000001,66822.77,124689.51,103461.05,2.46,13.56
234,13.91,14.2,13.6,13.56,75887.24,-0.24,-1.73,13.86,14.019,13.387,68628.56,100673.1,103630.8,2.92,13.52
235,13.6,13.95,13.84,13.52,53157.22,0.24,1.76,13.786,13.993,13.467,60743.58,87422.58,103151.2,2.04,13.35
236,13.65,13.8,13.39,13.35,61275.81,-0.45,-3.25,13.677999999999999,13.912,13.527000000000001,61461.56,75449.41,104529.25,2.36,12.47
237,12.5,13.05,12.91,12.47,74381.71,-0.48,-3.58,13.515999999999998,13.754000000000001,13.557,65760.97,70190.29,105485.35,2.86,12.76
238,12.88,13.19,13.05,12.76,39542.63,0.14,1.08,13.357999999999999,13.652999999999999,13.588,60848.92,63835.85,104186.98,1.52,12.71
239,12.92,13.1,12.9,12.71,25709.27,-0.15,-1.15,13.218,13.539000000000001,13.593,50813.33,59720.95,99769.74,0.99,12.7
240,12.8,13.49,13.43,12.7,39254.47,0.53,4.11,13.136,13.460999999999999,13.630999999999998,48032.78,54388.18,98177.9,1.51,13.28
241,13.42,13.63,13.42,13.28,33596.26,-0.01,-0.07,13.142000000000001,13.41,13.663,42496.87,51979.22,96804.3,1.29,13.3
242,13.42,13.85,13.63,13.3,41313.88,0.21,1.56,13.286,13.401,13.707,35883.3,50822.13,95704.62,1.59,13.55
243,13.68,13.8,13.67,13.55,25287.99,0.04,0.29,13.41,13.384,13.704,33032.37,46940.65,85815.08,0.97,13.6
244,13.67,14.08,13.9,13.6,51577.85,0.23,1.68,13.61,13.414000000000001,13.717,38206.09,44509.71,72591.41,1.98,13.32
245,13.8,14.1,13.5,13.32,45848.46,-0.4,-2.88,13.624,13.38,13.687000000000001,39524.89,43778.83,65600.71,1.76,13.36
246,13.5,14.2,14.07,13.36,66358.09,0.57,4.22,13.754000000000001,13.448,13.68,46077.25,44287.06,59868.23,2.55,13.81
247,14.08,14.24,14.0,13.81,40623.94,-0.07,-0.5,13.828,13.557,13.655999999999999,45939.27,40911.28,55550.79,1.56,13.74
248,14.1,14.1,13.77,13.74,34434.47,-0.23,-1.64,13.847999999999999,13.629000000000001,13.640999999999998,47768.56,40400.47,52118.16,1.32,13.82
249,13.86,14.22,13.99,13.82,41113.81,0.22,1.6,13.866,13.738,13.639000000000001,45675.75,41940.92,50830.93,1.58,13.82
250,14.07,14.31,14.29,13.82,59120.91,0.3,2.14,14.024000000000001,13.824000000000002,13.642999999999999,48330.24,43927.57,49157.87,2.27,14.16
251,14.31,14.7,14.64,14.16,89993.02,0.35,2.45,14.138,13.946,13.677999999999999,53057.23,49567.24,50773.23,3.46,14.32
252,14.5,14.78,14.45,14.32,44185.31,-0.19,-1.3,14.228,14.027999999999999,13.715,53769.5,49854.39,50338.26,1.7,14.1
253,14.43,14.85,14.63,14.1,60941.33,0.18,1.25,14.4,14.124,13.754000000000001,59070.88,53419.72,50180.18,2.34,14.51
254,14.51,15.08,14.66,14.51,71766.19,0.03,0.2,14.534,14.2,13.807,65201.35,55438.55,49974.13,2.76,14.35
255,14.69,14.91,14.75,14.35,61576.71,0.09,0.61,14.626,14.325,13.853,65692.51,57011.38,50395.11,2.37,14.37
256,14.64,14.86,14.55,14.37,85053.3,-0.2,-1.36,14.607999999999999,14.373,13.911,64704.57,58880.9,51583.98,3.27,14.14
257,14.6,14.62,14.23,14.14,60679.34,-0.32,-2.2,14.564,14.395999999999999,13.977,68003.37,60886.44,50898.86,2.33,14.16
258,14.17,14.39,14.22,14.16,35446.02,-0.01,-0.07,14.482000000000001,14.440999999999999,14.035,62904.31,60987.59,50694.03,1.36,14.15
259,14.31,14.8,14.28,14.15,56867.3,0.06,0.42,14.405999999999999,14.47,14.104000000000001,59924.53,62562.94,52251.93,2.19,14.19
260,14.29,14.8,14.68,14.19,104110.81,0.4,2.8,14.392000000000001,14.509,14.167,68431.35,67061.93,55494.75,4.0,14.61
261,14.68,14.94,14.78,14.61,69776.64,0.1,0.68,14.437999999999999,14.523,14.235,65376.02,65040.3,57303.77,2.68,14.45
262,14.75,14.93,14.8,14.45,61363.92,0.02,0.14,14.552,14.558,14.293,65512.94,66758.16,58306.27,2.36,14.74
263,14.74,15.98,15.63,14.74,144575.33,0.83,5.61,14.834000000000001,14.658,14.390999999999998,87338.8,75121.56,64270.64,5.56,15.37
264,15.5,15.88,15.57,15.37,106140.2,-0.06,-0.38,15.092,14.749,14.475,97193.38,78558.96,66998.75,4.08,15.84
265,16.05,16.35,15.96,15.84,82469.01,-0.08,-0.5,15.347999999999999,14.87,14.597999999999999,92865.02,80648.19,68829.78,3.17,15.68
266,15.86,16.46,15.97,15.68,78957.54,0.01,0.06,15.585999999999999,15.012,14.693,94701.2,80038.61,69459.76,3.04,15.71
267,15.97,16.36,15.98,15.71,78539.49,0.01,0.06,15.822000000000001,15.187000000000001,14.792,98136.31,81824.63,71355.53,3.02,16.0
268,16.09,17.08,16.85,16.0,115862.28,0.87,5.44,16.066,15.45,14.946,92393.7,89866.25,75426.92,4.45,16.69
269,16.85,17.32,16.78,16.69,98003.06,-0.07,-0.41,16.308,15.7,15.085,90766.28,93979.83,78271.39,3.77,16.52
270,16.8,17.5,17.2,16.52,100728.09,0.42,2.5,16.555999999999997,15.952,15.231,94418.09,93641.56,80351.74,3.87,17.02
271,17.2,18.03,18.03,17.02,79801.88,0.83,4.83,16.968,16.277,15.4,94586.96,94644.08,79842.19,3.07,17.6
272,18.03,18.28,17.76,17.6,79570.33,-0.27,-1.5,17.324,16.573,15.565999999999999,94793.13,96464.72,81611.44,3.06,17.12
273,17.71,17.9,17.28,17.12,71968.77,-0.48,-2.7,17.41,16.738,15.698,86014.43,89204.07,82162.81,2.77,17.08
274,17.28,17.8,17.5,17.08,63027.12,0.22,1.27,17.554000000000002,16.930999999999997,15.84,79019.24,84892.76,81725.86,2.42,17.13
275,17.57,17.58,17.38,17.13,46778.47,-0.12,-0.69,17.59,17.073,15.972000000000001,68229.31,81323.7,80985.95,1.8,17.26
276,17.46,17.77,17.64,17.26,30338.64,0.26,1.5,17.512,17.24,16.125999999999998,58336.67,76461.81,78250.21,1.17,17.36
277,17.69,17.78,17.38,17.36,29235.89,-0.26,-1.47,17.436,17.38,16.284000000000002,48269.78,71531.45,76678.04,1.12,16.7
278,17.25,17.25,16.88,16.7,61092.86,-0.5,-2.88,17.355999999999998,17.383,16.417,46094.6,66054.51,77960.38,2.35,16.79
279,16.81,17.1,17.03,16.79,34275.3,0.15,0.89,17.262,17.408,16.554000000000002,40344.23,59681.74,76830.78,1.32,16.85
280,17.1,17.9,17.9,16.85,76128.76,0.87,5.11,17.366,17.477999999999998,16.715,46214.29,57221.8,75431.68,2.93,17.12
281,17.84,17.93,17.38,17.12,89955.76,-0.52,-2.9,17.314,17.413,16.845,58137.71,58237.19,76440.63,3.46,16.5
282,17.25,17.38,16.63,16.5,52075.01,-0.75,-4.32,17.164,17.3,16.937,62705.54,55487.66,75976.19,2.0,16.5
283,16.63,17.18,16.87,16.5,36634.68,0.24,1.44,17.162,17.259,16.999000000000002,57813.9,51954.25,70579.16,1.41,16.17
284,16.86,16.87,16.18,16.17,37146.48,-0.69,-4.09,16.992,17.127,17.029,58388.14,49366.19,67129.47,1.43,15.95
285,16.11,16.52,16.19,15.95,22586.78,0.01,0.06,16.65,17.008,17.041,47679.74,46947.02,64135.36,0.87,16.15
286,16.15,16.58,16.48,16.15,17345.58,0.29,1.79,16.47,16.892,17.066,33157.71,45647.71,61054.76,0.67,15.91
287,16.48,16.67,15.91,15.91,30913.0,-0.57,-3.46,16.326,16.745,17.063,28925.3,45815.42,58673.44,1.19,15.43
288,15.8,16.55,16.24,15.43,40347.36,0.33,2.07,16.2,16.680999999999997,17.032,29667.84,43740.87,54897.69,1.55,16.29
289,16.29,17.09,16.96,16.29,42351.49,0.72,4.43,16.355999999999998,16.674,17.041,30708.84,44548.49,52115.11,1.63,16.98
290,17.01,17.88,17.73,16.98,77025.1,0.77,4.54,16.664,16.657,17.067999999999998,41596.51,44638.12,50929.96,2.96,17.23
291,17.79,18.0,17.42,17.23,37692.4,-0.31,-1.75,16.852,16.660999999999998,17.037,45665.87,39411.79,48824.49,1.45,17.5
292,17.6,18.25,18.11,17.5,73076.92,0.69,3.96,17.292,16.809,17.055,54098.65,41511.98,48499.82,2.81,16.3
293,16.3,16.3,16.3,16.3,1019.0,-1.81,-9.99,17.304000000000002,16.752,17.006,46232.98,37950.41,44952.33,0.04,9.12
294,9.12,9.12,9.12,9.12,1337.0,-1.01,-9.97,15.735999999999999,16.046,16.587,38030.08,34369.46,41867.82,0.03,8.21
295,8.21,8.21,8.21,8.21,6623.0,-0.91,-9.98,13.832,15.248,16.128,23949.66,32773.09,39860.05,0.15,7.48
296,7.52,8.0,7.93,7.48,518113.75,-0.28,-3.41,11.934000000000001,14.392999999999999,15.642999999999999,120033.93,82849.9,64248.81,11.94,7.45
297,7.6,7.83,7.72,7.45,327218.75,-0.21,-2.65,9.856,13.574000000000002,15.16,170862.3,112480.48,79147.95,7.54,7.64
298,7.75,7.9,7.7,7.64,261332.56,-0.02,-0.26,8.136000000000001,12.72,14.700999999999999,222925.01,134579.0,89159.93,6.02,7.48
299,7.55,7.68,7.5,7.48,177982.69,-0.2,-2.6,7.812,11.774000000000001,14.224,258254.15,148142.12,96345.3,4.1,7.25
300,7.49,7.54,7.31,7.25,143008.72,-0.19,-2.53,7.632000000000001,10.732000000000001,13.695,285531.29,154740.48,99689.3,3.3,6.89
301,7.28,7.28,7.03,6.89,164062.42,-0.28,-3.83,7.452000000000001,9.693,13.177,214721.03,167377.48,103394.63,3.78,6.59
302,7.0,7.05,6.65,6.59,127692.17,-0.38,-5.41,7.2379999999999995,8.547,12.677999999999999,174815.71,172839.01,107175.49,2.94,6.6
303,6.72,7.1,6.9,6.6,169068.16,0.25,3.76,7.077999999999999,7.607,12.18,156362.83,189643.92,113797.17,3.9,6.65
304,6.83,6.93,6.89,6.65,123448.84,-0.01,-0.14,6.956,7.3839999999999995,11.715,145456.06,201855.11,118112.28,2.85,6.81
305,6.88,6.94,6.92,6.81,78503.88,0.03,0.43,6.877999999999999,7.255,11.252,132555.09,209043.19,120908.14,1.81,6.81
306,7.07,7.09,6.84,6.81,79213.35,-0.08,-1.16,6.84,7.146,10.77,115585.28,165153.15,124001.53,1.83,6.51
307,6.83,6.83,6.65,6.51,85312.77,-0.19,-2.78,6.84,7.039,10.307,107109.4,140962.56,126721.52,1.97,6.58
308,6.69,6.85,6.85,6.58,61694.02,0.2,3.01,6.83,6.954,9.837,85634.57,120998.7,127788.85,1.42,6.82
309,6.87,7.07,7.01,6.82,85895.54,0.16,2.34,6.854,6.905,9.34,78123.91,111789.99,129966.05,1.98,6.91
310,6.98,7.06,7.01,6.91,63187.83,0.0,0.0,6.872000000000001,6.875,8.804,75060.7,103807.9,129274.19,1.46,7.01
311,7.04,7.32,7.23,7.01,117328.37,0.22,3.14,6.95,6.895,8.294,82683.71,99134.49,133255.99,2.7,7.05
312,7.19,7.28,7.09,7.05,120527.66,-0.14,-1.94,7.037999999999999,6.939,7.742999999999999,89726.68,98418.04,135628.52,2.78,6.86
313,7.04,7.07,7.0,6.86,90900.69,-0.09,-1.27,7.068,6.949,7.278,95568.02,90601.3,140122.61,2.1,6.74
314,6.93,6.94,6.83,6.74,72734.69,-0.17,-2.43,7.032,6.943,7.164,92935.85,85529.88,143692.49,1.68,6.78
315,6.85,6.95,6.94,6.78,61333.18,0.11,1.61,7.018,6.945,7.1,92564.92,83812.81,146428.0,1.41,6.89
316,6.93,7.16,7.1,6.89,107350.35,0.16,2.31,6.992000000000001,6.971,7.059,90569.31,86626.51,125889.83,2.47,7.04
317,7.09,7.29,7.21,7.04,111269.22,0.11,1.55,7.016,7.027,7.0329999999999995,88717.63,89222.16,115092.36,2.56,7.07
318,7.22,7.22,7.08,7.07,71497.72,-0.13,-1.8,7.032,7.05,7.002000000000001,84837.03,90202.53,105600.61,1.65,7.08
319,7.08,7.27,7.27,7.08,90655.99,0.19,2.68,7.12,7.0760000000000005,6.9910000000000005,88421.29,90678.57,101234.28,2.09,7.18
320,7.32,7.44,7.28,7.18,137782.05,0.01,0.14,7.188,7.103,6.989,103711.07,98137.99,100972.95,3.18,7.15
321,7.24,7.46,7.43,7.15,89712.58,0.15,2.06,7.254,7.122999999999999,7.0089999999999995,100183.51,95376.41,97255.45,2.07,7.11
322,7.37,7.42,7.15,7.11,82125.42,-0.28,-3.77,7.242000000000001,7.129,7.034,94354.75,91536.19,94977.12,1.89,7.13
323,7.22,7.5,7.5,7.13,154457.62,0.35,4.89,7.3260000000000005,7.178999999999999,7.064,110946.73,97891.88,94246.59,3.56,7.35
324,7.49,7.53,7.5,7.35,116654.47,0.0,0.0,7.372000000000001,7.246,7.095,116146.43,102283.86,93906.87,2.69,7.32
325,7.53,7.53,7.4,7.32,80898.12,-0.1,-1.33,7.396,7.292000000000001,7.119,104769.64,104240.35,94026.58,1.86,7.23
326,7.36,7.4,7.31,7.23,48698.46,-0.09,-1.22,7.372000000000001,7.313,7.142,96566.82,98375.17,92500.84,1.12,7.25
327,7.32,7.35,7.29,7.25,54782.83,-0.02,-0.27,7.4,7.321000000000001,7.1739999999999995,91098.3,92726.53,90974.34,1.26,7.17
328,7.24,7.3,7.21,7.17,57970.0,-0.08,-1.1,7.3420000000000005,7.334,7.192,71800.78,91373.75,90788.14,1.34,7.14
329,7.25,7.3,7.28,7.14,57230.65,0.07,0.97,7.297999999999999,7.335,7.206,59916.01,88031.22,89354.89,1.32,7.22
330,7.3,7.34,7.23,7.22,43007.31,-0.05,-0.69,7.263999999999999,7.33,7.2170000000000005,52337.85,78553.75,88345.87,1.0,7.16
331,7.24,7.28,7.28,7.16,44501.35,0.05,0.69,7.257999999999999,7.315,7.218999999999999,51498.43,74032.62,84704.52,1.03,7.18
332,7.27,7.3,7.22,7.18,58943.18,-0.06,-0.82,7.244,7.322,7.226,52330.5,71714.4,81625.29,1.36,7.15
333,7.17,7.23,7.2,7.15,47339.25,-0.02,-0.28,7.242000000000001,7.292000000000001,7.236000000000001,50204.35,61002.56,79447.22,1.1,7.08
334,7.2,7.22,7.11,7.08,57268.22,-0.09,-1.25,7.207999999999999,7.252999999999999,7.25,50211.86,55063.94,78673.9,1.33,7.05
335,7.12,7.15,7.09,7.05,54227.58,-0.02,-0.28,7.18,7.222,7.257000000000001,52455.92,52396.88,78318.62,1.26,6.93
336,7.07,7.12,7.0,6.93,54243.88,-0.09,-1.27,7.124,7.191,7.252000000000001,54404.42,52951.43,75663.3,1.26,6.95
337,7.0,7.03,6.98,6.95,34791.43,-0.02,-0.29,7.0760000000000005,7.16,7.2410000000000005,49574.07,50952.29,71839.41,0.81,6.93
338,6.94,7.01,6.97,6.93,23730.13,-0.01,-0.14,7.03,7.136,7.235,44852.25,47528.3,69451.03,0.55,6.4
339,6.98,6.99,6.6,6.4,77531.42,-0.37,-5.31,6.928,7.068,7.202000000000001,48904.89,49558.38,68794.8,1.79,6.5
340,6.59,6.65,6.63,6.5,39844.1,0.03,0.46,6.836,7.007999999999999,7.169,46028.19,49242.05,63897.9,0.92,6.59
341,6.64,6.71,6.7,6.59,43621.59,0.07,1.06,6.776,6.95,7.132999999999999,43903.73,49154.08,61593.35,1.01,6.65
342,6.68,7.14,6.81,6.65,78842.04,0.11,1.64,6.742000000000001,6.909,7.1160000000000005,52713.86,51143.96,61429.18,1.82,6.65
343,6.84,6.84,6.71,6.65,70543.94,-0.1,-1.47,6.69,6.86,7.0760000000000005,62076.62,53464.43,57233.5,1.63,6.65
344,6.7,6.75,6.74,6.65,45153.24,0.03,0.45,6.718,6.8229999999999995,7.037999999999999,55600.98,52252.94,53658.44,1.05,6.63
345,6.71,6.75,6.69,6.63,46919.11,-0.05,-0.74,6.73,6.7829999999999995,7.002999999999999,57015.98,51522.09,51959.49,1.09,6.63
346,6.69,6.73,6.66,6.63,54554.0,-0.03,-0.45,6.722,6.749,6.97,59202.47,51553.1,52252.26,1.26,6.66
347,6.7,6.92,6.84,6.66,118202.91,0.18,2.7,6.728,6.735,6.9479999999999995,67074.64,59894.25,55423.27,2.74,6.81
348,6.83,7.03,6.89,6.81,86027.31,0.05,0.73,6.763999999999999,6.727,6.932,70171.31,66123.97,56826.13,1.99,6.93
349,6.95,7.08,7.01,6.93,72598.24,0.12,1.74,6.818,6.768,6.917999999999999,75660.31,65630.65,57594.51,1.68,6.9
350,7.01,7.03,6.94,6.9,58209.72,-0.07,-1.0,6.867999999999999,6.7989999999999995,6.904,77918.44,67467.21,58354.63,1.35,6.8
351,6.96,6.97,6.93,6.8,49981.06,-0.01,-0.14,6.922000000000001,6.822,6.886,77003.85,68103.16,58628.62,1.16,6.85
352,6.91,6.99,6.99,6.85,52121.95,0.06,0.87,6.952000000000001,6.84,6.875,63787.66,65431.15,58287.56,1.21,6.89
353,6.98,7.04,6.9,6.89,53720.01,-0.09,-1.29,6.954,6.859,6.86,57326.2,63748.75,58606.59,1.24,6.87
354,6.9,6.97,6.96,6.87,43054.84,0.06,0.87,6.944,6.881,6.852,51417.52,63538.92,57895.93,1.0,6.9
355,6.95,7.17,7.16,6.9,69461.66,0.2,2.87,6.9879999999999995,6.928,6.856,53667.9,65793.17,58657.63,1.61,7.04
356,7.13,7.19,7.06,7.04,68486.61,-0.1,-1.4,7.013999999999999,6.968,6.859,57369.01,67186.43,59369.77,1.59,6.96
357,7.06,7.16,7.09,6.96,78617.25,0.03,0.42,7.034,6.992999999999999,6.864,62668.07,63227.86,61561.06,1.82,6.98
358,7.05,7.1,7.0,6.98,47390.51,-0.09,-1.27,7.053999999999999,7.004,6.8660000000000005,61402.17,59364.19,62744.08,1.1,6.96
359,6.97,7.18,7.18,6.96,74676.55,0.18,2.57,7.098,7.021,6.895,67726.52,59572.02,62601.33,1.73,7.08
360,7.13,7.2,7.12,7.08,65821.74,-0.06,-0.84,7.09,7.039,6.919,66998.53,60333.22,63900.21,1.52,7.09
361,7.14,7.24,7.18,7.09,71339.02,0.06,0.84,7.114,7.064,6.943,67569.01,62469.01,65286.09,1.65,7.14
362,7.15,7.28,7.27,7.14,65819.75,0.09,1.25,7.15,7.0920000000000005,6.966,65009.51,63838.79,64634.97,1.52,7.0
363,7.05,7.14,7.03,7.0,117358.13,-0.24,-3.3,7.156000000000001,7.105,6.982,79003.04,70202.61,66975.68,2.72,6.94
364,7.03,7.04,7.01,6.94,72451.91,-0.02,-0.28,7.122000000000001,7.11,6.996,78558.11,73142.31,68340.61,1.68,7.04
365,7.06,7.69,7.29,7.04,209720.52,0.28,3.99,7.156000000000001,7.122999999999999,7.026,107337.87,87168.2,76480.68,4.85,7.17
366,7.28,7.65,7.64,7.17,245545.08,0.35,4.8,7.247999999999999,7.181,7.075,142179.08,104874.05,86030.24,5.68,7.32
367,7.5,7.6,7.34,7.32,165793.02,-0.3,-3.93,7.2620000000000005,7.206,7.1,162173.73,113591.62,88409.74,3.84,7.28
368,7.3,7.53,7.47,7.28,117189.75,0.13,1.77,7.35,7.252999999999999,7.129,162140.06,120571.55,89967.87,2.71,7.35
369,7.39,7.48,7.44,7.35,118663.53,-0.03,-0.4,7.436,7.279,7.15,171382.38,124970.25,92271.13,2.75,7.27
370,7.44,7.46,7.35,7.27,90325.39,-0.09,-1.21,7.4479999999999995,7.3020000000000005,7.171,147503.35,127420.61,93876.91,2.09,7.3
371,7.39,7.43,7.39,7.3,63828.71,0.04,0.54,7.398,7.3229999999999995,7.194,111160.08,126669.58,94569.3,1.48,7.33
372,7.37,7.45,7.42,7.33,61653.8,0.03,0.41,7.414,7.337999999999999,7.215,90332.24,126252.98,95045.89,1.43,7.38
373,7.43,7.6,7.46,7.38,92746.65,0.04,0.54,7.412000000000001,7.381,7.242999999999999,85443.62,123791.84,96997.22,2.15,7.35
374,7.47,7.48,7.48,7.35,69006.34,0.02,0.27,7.42,7.428,7.269,75512.18,123447.28,98294.8,1.6,7.42
375,7.46,7.54,7.47,7.42,50567.8,-0.01,-0.13,7.444,7.446000000000001,7.285,67560.66,107532.01,97350.1,1.17,7.35
376,7.43,7.48,7.35,7.35,62502.53,-0.12,-1.61,7.436,7.417000000000001,7.2989999999999995,67295.42,89227.75,97050.9,1.45,7.26
377,7.34,7.38,7.28,7.26,63591.74,-0.07,-0.95,7.4079999999999995,7.4110000000000005,7.309,67683.01,79007.62,96299.62,1.47,7.21
378,7.27,7.31,7.23,7.21,40704.53,-0.05,-0.69,7.362,7.3870000000000005,7.32,57274.59,71359.1,95965.32,0.94,7.24
379,7.24,7.38,7.38,7.24,43259.61,0.15,2.08,7.3420000000000005,7.381,7.33,52125.24,63818.71,94394.48,1.0,7.29
380,7.42,7.42,7.36,7.29,54282.12,-0.02,-0.27,7.32,7.382000000000001,7.3420000000000005,52868.11,60214.38,93817.5,1.26,7.26
381,7.37,7.37,7.31,7.26,30903.61,-0.05,-0.68,7.312,7.374,7.349,46548.32,56921.87,91795.73,0.72,7.29
382,7.33,7.38,7.33,7.29,55329.6,0.02,0.27,7.322,7.365,7.352,44895.89,56289.45,91271.22,1.28,7.27
383,7.32,7.35,7.27,7.27,33674.61,-0.06,-0.82,7.33,7.346,7.364,43489.91,50382.25,87087.04,0.78,7.21
384,7.23,7.4,7.4,7.21,45502.34,0.13,1.79,7.334,7.337999999999999,7.382999999999999,43938.46,48031.85,85739.56,1.05,7.36
385,7.42,7.44,7.42,7.36,45794.2,0.02,0.27,7.346,7.332999999999999,7.39,42240.87,47554.49,77543.25,1.06,7.37
386,7.43,7.52,7.48,7.37,51620.15,0.06,0.81,7.38,7.346,7.382000000000001,46384.18,46466.25,67847.0,1.19,7.41
387,7.48,7.53,7.47,7.41,40264.32,-0.01,-0.13,7.4079999999999995,7.365,7.388,43371.12,44133.51,61570.57,0.93,7.43
388,7.46,8.0,7.72,7.43,139674.34,0.25,3.35,7.497999999999999,7.414,7.401,64571.07,54030.49,62694.8,3.23,7.51
389,7.61,7.85,7.53,7.51,76053.39,-0.19,-2.46,7.524,7.428999999999999,7.405,70681.28,57309.87,60564.29,1.76,7.45
390,7.5,8.28,8.28,7.45,194263.3,0.75,9.96,7.696000000000001,7.521,7.452000000000001,100375.1,71307.99,65761.18,4.5,8.35
391,9.11,9.11,8.47,8.35,373748.97,0.19,2.29,7.894,7.6370000000000005,7.506,164800.86,105592.52,81257.2,8.65,8.99
392,8.99,9.32,9.32,8.99,117193.81,0.85,10.04,8.264,7.836,7.601,180186.76,111778.94,84034.2,2.71,9.53
393,9.97,10.25,10.25,9.53,567708.81,0.93,9.98,8.77,8.134,7.74,265793.66,165182.36,107782.31,13.14,9.53
394,9.69,10.78,10.34,9.53,590384.88,0.09,0.88,9.332,8.427999999999999,7.882999999999999,368659.95,219670.62,133851.23,13.66,9.42
395,10.4,10.64,9.42,9.42,476827.53,-0.92,-8.9,9.56,8.628,7.981,425172.8,262773.95,155164.22,11.04,8.84
396,9.05,9.46,9.1,8.84,370370.09,-0.32,-3.4,9.686,8.79,8.068,424497.02,294648.94,170557.6,8.57,8.83
397,9.01,9.15,8.86,8.83,245429.98,-0.24,-2.64,9.594,8.929,8.147,450144.26,315165.51,179649.51,5.68,8.55
398,8.82,8.93,8.66,8.55,175009.77,-0.2,-2.26,9.276,9.023,8.219,371604.45,318699.05,186364.77,4.05,8.66
399,8.72,9.09,8.79,8.66,231045.62,0.13,1.5,8.966000000000001,9.149,8.289,299736.6,334198.28,195754.07,5.35,8.35
400,8.77,9.05,9.05,8.35,166812.0,0.26,2.96,8.892000000000001,9.226,8.374,237733.49,331453.15,201380.57,3.86,8.84
401,8.92,9.27,8.9,8.84,192940.16,-0.15,-1.66,8.852,9.269,8.453,202247.51,313372.27,209482.39,4.47,8.5
402,8.82,8.85,8.51,8.5,109430.2,-0.39,-4.38,8.782,9.187999999999999,8.512,175047.55,312595.9,212187.42,2.53,8.36
403,8.46,8.59,8.5,8.36,72458.68,-0.01,-0.12,8.75,9.013,8.574,154537.33,263070.89,214126.63,1.68,8.18
404,8.45,8.55,8.36,8.18,90592.44,-0.14,-1.65,8.664,8.815,8.622,126446.7,213091.65,216381.13,2.1,8.26
405,8.48,8.75,8.71,8.26,129898.95,0.35,4.19,8.596,8.744,8.686,119064.09,178398.79,220586.37,3.01,8.56
406,8.62,9.16,8.88,8.56,174445.41,0.17,1.95,8.592,8.722000000000001,8.756,115365.14,158806.32,226727.63,4.04,8.63
407,8.73,8.83,8.75,8.63,85043.45,-0.13,-1.46,8.64,8.711,8.82,110487.79,142767.67,228966.59,1.97,8.39
408,8.71,8.76,8.47,8.39,93384.74,-0.28,-3.2,8.634,8.692,8.857999999999999,114673.0,134605.16,226652.11,2.16,8.35
409,8.37,8.61,8.61,8.35,74295.58,0.14,1.65,8.684,8.674,8.912,111413.63,118930.16,226564.22,1.72,8.45
410,8.51,9.14,8.99,8.45,168053.14,0.38,4.41,8.74,8.668,8.947000000000001,119044.46,119054.27,225253.71,3.89,8.75
411,8.98,9.35,9.23,8.75,198995.36,0.24,2.67,8.81,8.701,8.985,123954.45,119659.8,216516.03,4.61,9.0
412,9.15,9.36,9.0,9.0,124208.83,-0.23,-2.49,8.86,8.75,8.969,131787.53,121137.66,216866.78,2.87,8.3
413,8.94,8.96,8.3,8.3,115554.04,-0.7,-7.78,8.826,8.73,8.872,136221.39,125447.19,194259.04,2.67,7.48
414,8.3,8.3,7.98,7.48,66211.03,-0.32,-3.85,8.7,8.692,8.754,134604.48,123009.05,168050.35,1.53,7.55
415,7.9,8.03,7.8,7.55,68460.88,-0.18,-2.26,8.462,8.601,8.673,114686.03,116865.25,147632.02,1.58,7.63
416,7.77,7.8,7.74,7.63,50719.27,-0.06,-0.77,8.164,8.487,8.605,85030.81,104492.63,131649.48,1.17,7.1
417,7.72,7.72,7.16,7.1,65101.82,-0.58,-7.49,7.796,8.328,8.52,73209.41,102498.47,122633.07,1.51,7.01
418,7.11,7.28,7.27,7.01,67545.58,0.11,1.54,7.59,8.208,8.45,63607.72,99914.55,117259.86,1.56,7.16
419,7.24,7.45,7.36,7.16,56514.43,0.09,1.24,7.466,8.083,8.379,61668.4,98136.44,108533.3,1.31,7.22
420,7.41,7.53,7.35,7.22,40101.37,-0.01,-0.14,7.376,7.919,8.294,55996.49,85341.26,102197.77,0.93,7.14
421,7.33,7.39,7.26,7.14,31347.2,-0.09,-1.22,7.28,7.722,8.212,52122.08,68576.45,94118.12,0.73,7.11
422,7.2,7.3,7.14,7.11,32108.0,-0.12,-1.65,7.276,7.5360000000000005,8.142999999999999,45523.32,59366.36,90252.01,0.74,7.12
423,7.14,7.26,7.24,7.12,29768.05,0.1,1.4,7.27,7.43,8.08,37967.81,50787.76,88117.48,0.69,7.03
424,7.21,7.24,7.15,7.03,30444.35,-0.09,-1.24,7.228,7.347,8.02,32753.79,47211.1,85110.07,0.7,7.04
425,7.1,7.27,7.19,7.04,43553.07,0.04,0.56,7.196000000000001,7.2860000000000005,7.944,33444.13,44720.31,80792.78,1.01,7.11
426,7.22,7.29,7.29,7.11,32250.3,0.1,1.39,7.202000000000001,7.2410000000000005,7.864,33624.75,42873.42,73683.02,0.75,7.3
427,7.3,7.69,7.57,7.3,79070.83,0.28,3.84,7.287999999999999,7.282,7.805,43017.32,44270.32,73384.39,1.83,7.35
428,7.51,7.68,7.6,7.35,56582.07,0.03,0.4,7.36,7.315,7.7620000000000005,48380.12,43173.97,71544.26,1.31,7.48
429,7.53,7.67,7.54,7.48,35532.73,-0.06,-0.79,7.438,7.332999999999999,7.707999999999999,49397.8,41075.8,69606.12,0.82,7.31
430,7.53,7.61,7.43,7.31,32069.0,-0.11,-1.46,7.486000000000001,7.341,7.63,47100.99,40272.56,62806.91,0.74,7.34
431,7.39,7.44,7.4,7.34,18846.4,-0.03,-0.4,7.507999999999999,7.355,7.539,44420.21,39022.48,53799.46,0.44,7.14
432,7.39,7.39,7.27,7.14,40957.4,-0.13,-1.76,7.4479999999999995,7.367999999999999,7.452000000000001,36797.52,39907.42,49636.89,0.95,7.15
433,7.28,7.3,7.2,7.15,29000.46,-0.07,-0.96,7.367999999999999,7.364,7.397,31281.2,39830.66,45309.21,0.67,7.22
434,7.28,7.53,7.24,7.22,39854.06,0.04,0.56,7.308,7.372999999999999,7.36,32145.46,40771.63,43991.36,0.92,7.16
435,7.23,7.24,7.23,7.16,30151.8,-0.01,-0.14,7.268,7.377000000000001,7.332000000000001,31762.02,39431.5,42075.91,0.7,7.05
436,7.21,7.24,7.11,7.05,24582.15,-0.12,-1.66,7.21,7.359,7.3,32909.17,38664.69,40769.05,0.57,7.06
437,7.16,7.25,7.24,7.06,34223.69,0.13,1.83,7.204,7.3260000000000005,7.303999999999999,31562.43,34179.98,39225.15,0.79,7.17
438,7.19,7.36,7.21,7.17,24904.63,-0.03,-0.41,7.206,7.287000000000001,7.301,30743.27,31012.23,37093.1,0.58,7.01
439,7.21,7.21,7.12,7.01,27952.31,-0.09,-1.25,7.182,7.245,7.289,28362.92,30254.19,35664.99,0.65,7.03
440,7.09,7.11,7.09,7.03,17990.8,-0.03,-0.42,7.154,7.211,7.276,25930.72,28846.37,34559.46,0.42,7.02
441,7.08,7.11,7.09,7.02,23609.14,0.0,0.0,7.15,7.18,7.268,25736.11,29322.64,34172.56,0.55,7.04
442,7.1,7.14,7.06,7.04,23091.4,-0.03,-0.42,7.114,7.159,7.263999999999999,23509.66,27536.04,33721.73,0.53,7.03
443,7.03,7.1,7.09,7.03,17381.63,0.03,0.42,7.09,7.148,7.256,22005.06,26374.16,33102.41,0.4,7.07
444,7.12,7.14,7.13,7.07,20563.36,0.04,0.56,7.0920000000000005,7.1370000000000005,7.255,20527.27,24445.09,32608.36,0.48,7.13
445,7.13,7.48,7.45,7.13,74106.33,0.32,4.49,7.164,7.159,7.268,31750.37,28840.54,34136.02,1.72,7.31
446,7.33,7.97,7.55,7.31,97761.04,0.1,1.34,7.256,7.202999999999999,7.281000000000001,46580.75,36158.43,37411.56,2.26,7.4
447,7.46,7.59,7.44,7.4,45215.8,-0.11,-1.46,7.332000000000001,7.223,7.275,51005.63,37257.64,35718.81,1.05,7.45
448,7.54,7.7,7.47,7.45,51508.68,0.03,0.4,7.4079999999999995,7.249,7.268,57831.04,39918.05,35465.14,1.19,7.3
449,7.45,7.45,7.31,7.3,31534.2,-0.16,-2.14,7.444,7.268,7.257000000000001,60025.21,40276.24,35265.21,0.73,7.15
450,7.34,7.34,7.18,7.15,28306.2,-0.13,-1.78,7.39,7.277,7.244,50865.18,41307.78,35077.07,0.66,7.11
451,7.18,7.22,7.21,7.11,21374.72,0.03,0.42,7.322,7.289,7.235,35587.92,41084.34,35203.49,0.49,7.14
452,7.22,7.22,7.16,7.14,16739.12,-0.05,-0.69,7.266,7.2989999999999995,7.229,29892.58,40449.11,33992.58,0.39,6.99
453,7.13,7.18,7.15,6.99,35815.8,-0.01,-0.14,7.202000000000001,7.305,7.227,26754.01,42292.53,34333.34,0.83,7.05
454,7.1,7.17,7.17,7.05,17900.56,0.02,0.28,7.1739999999999995,7.309,7.223,24027.28,42026.25,33235.67,0.41,7.05
455,7.14,7.15,7.13,7.05,18290.6,-0.04,-0.56,7.164,7.277,7.218,22024.16,36444.67,32642.61,0.42,7.08
456,7.09,7.19,7.11,7.08,16128.2,-0.02,-0.28,7.144,7.233,7.218,20974.86,28281.39,32219.91,0.37,7.03
457,7.04,7.15,7.04,7.03,22195.0,-0.07,-0.98,7.12,7.193,7.207999999999999,22066.03,25979.31,31618.48,0.51,7.0
458,7.02,7.08,7.04,7.0,28086.43,0.0,0.0,7.098,7.15,7.2,20520.16,23637.08,31777.57,0.65,7.03
459,7.04,7.74,7.74,7.03,86012.65,0.7,9.94,7.212000000000001,7.193,7.231,34142.58,29084.93,34680.58,1.99,7.31
460,7.6,7.65,7.5,7.31,95508.2,-0.24,-3.1,7.2860000000000005,7.225,7.251,49586.1,35805.13,38556.45,2.21,7.33
461,7.46,7.46,7.37,7.33,49078.71,-0.13,-1.73,7.337999999999999,7.2410000000000005,7.265,56176.2,38575.53,39829.93,1.14,7.32
462,7.36,7.57,7.38,7.32,51559.85,0.01,0.14,7.406000000000001,7.263,7.281000000000001,62049.17,42057.6,41253.35,1.19,7.1
463,7.3,7.38,7.2,7.1,49423.62,-0.18,-2.44,7.438,7.268,7.287000000000001,66316.61,43418.38,42855.45,1.14,7.12
464,7.2,7.25,7.17,7.12,21541.06,-0.03,-0.42,7.324,7.268,7.289,53422.29,43782.43,42904.34,0.5,7.1
465,7.16,7.27,7.26,7.1,32729.05,0.09,1.25,7.276,7.281000000000001,7.279,40866.46,45226.28,40835.47,0.76,6.8
466,7.24,7.24,7.08,6.8,56796.33,-0.18,-2.48,7.218,7.278,7.256,42409.98,49293.09,38787.24,1.31,6.82
467,7.09,7.21,7.18,6.82,34897.01,0.1,1.41,7.178,7.292000000000001,7.242999999999999,39077.41,50563.29,38271.3,0.81,7.03
468,7.13,7.21,7.17,7.03,16427.4,-0.01,-0.14,7.172000000000001,7.305,7.228,32478.17,49397.39,36517.24,0.38,6.45
469,7.06,7.15,7.05,6.45,55490.4,-0.12,-1.67,7.148,7.236000000000001,7.215,39268.04,46345.16,37715.05,1.28,6.77
470,7.07,7.09,7.08,6.77,30834.72,0.03,0.43,7.112,7.194,7.21,38889.17,39877.81,37841.47,0.71,6.97
471,7.04,7.06,7.06,6.97,14947.96,-0.02,-0.28,7.108,7.162999999999999,7.202000000000001,30519.5,36464.74,37520.13,0.35,6.71
472,6.9,7.03,7.03,6.71,30377.8,-0.03,-0.42,7.077999999999999,7.127999999999999,7.196000000000001,29615.66,34346.53,38202.07,0.7,6.94
473,7.03,7.09,7.05,6.94,18083.03,0.02,0.28,7.053999999999999,7.1129999999999995,7.191,29946.78,31212.48,37315.43,0.42,6.98
474,7.2,7.26,7.06,6.98,24570.47,0.01,0.14,7.056,7.102,7.185,23762.8,31515.42,37648.92,0.57,6.96
