,open,high,close,low,volume,price_change,p_change,ma5,ma10,ma20,v_ma5,v_ma10,v_ma20,turnover,yeji_eps,yeji_eps_yoy,yeji_bvps,yeji_roe,yeji_epcf,yeji_net_profits,yeji_profits_yoy,yeji_distrib,predict_high,predict_low,predict_open
0,20.08,21.9,21.9,20.08,290.0,6.69,43.98,21.9,21.9,21.9,290.0,290.0,290.0,0.16,0.54,-6.9,9.29,6.04,-0.17,3532.66,13.69,10转12,24.09,24.09,24.09
1,24.09,24.09,24.09,24.09,46.0,2.19,10.0,22.995,22.995,22.995,168.0,168.0,168.0,0.03,0.54,-6.9,9.29,6.04,-0.17,3532.66,13.69,10转12,26.5,26.5,26.5
2,26.5,26.5,26.5,26.5,14.0,2.41,10.0,24.163,24.163,24.163,116.67,116.67,116.67,0.01,0.54,-6.9,9.29,6.04,-0.17,3532.66,13.69,10转12,26.5,26.5,26.5
3,26.5,26.5,26.5,26.5,51.0,2.41,10.0,24.748,24.748,24.748,100.25,100.25,100.25,0.03,0.54,-6.9,9.29,6.04,-0.17,3532.66,13.69,10转12,29.15,29.15,29.15
4,29.15,29.15,29.15,29.15,66.0,2.65,10.0,25.628,25.628,25.628,93.4,93.4,93.4,0.04,0.54,-6.9,9.29,6.04,-0.17,3532.66,13.69,10转12,32.07,32.07,32.07
5,32.07,32.07,32.07,32.07,166.0,2.92,10.02,27.662,26.701999999999998,26.701999999999998,68.6,105.5,105.5,0.09,0.54,-6.9,9.29,6.04,-0.17,3532.66,13.69,10转12,35.28,35.28,35.28
6,35.28,35.28,35.28,35.28,331.0,3.21,10.01,29.9,27.927,27.927,125.6,137.71,137.71,0.18,0.54,-6.9,9.29,6.04,-0.17,3532.66,13.69,10转12,38.81,38.81,38.81
7,38.81,38.81,38.81,38.81,852.08,3.53,10.01,32.361999999999995,29.288,29.288,293.22,227.01,227.01,0.47,0.54,-6.9,9.29,6.04,-0.17,3532.66,13.69,10转12,42.69,42.69,42.69
8,42.69,42.69,42.69,42.69,1300.0,3.88,10.0,35.6,30.776999999999997,30.776999999999997,543.02,346.23,346.23,0.72,0.54,-6.9,9.29,6.04,-0.17,3532.66,13.69,10转12,46.96,46.96,46.96
9,46.96,46.96,46.96,46.96,807.0,4.27,10.0,39.162,32.395,32.395,691.22,392.31,392.31,0.45,0.54,-6.9,9.29,6.04,-0.17,3532.66,13.69,10转12,51.66,51.66,51.66
10,51.66,51.66,51.66,51.66,2529.78,4.7,10.01,43.08,35.371,34.146,1163.97,616.29,586.62,1.41,0.54,-6.9,9.29,6.04,-0.17,3532.66,13.69,10转12,56.83,54.3,56.83
11,56.83,56.83,56.83,54.3,115580.21,5.17,10.01,47.39,38.645,36.037,24213.81,12169.71,10169.42,64.21,0.54,-6.9,9.29,6.04,-0.17,3532.66,13.69,10转12,57.99,51.66,57.99
12,57.99,57.99,52.49,51.66,86223.2,-4.34,-7.64,50.126000000000005,41.244,37.302,41288.04,20790.63,16019.71,47.9,0.54,-6.9,9.29,6.04,-0.17,3532.66,13.69,10转12,53.3,50.11,51.0
13,51.0,53.3,51.68,50.11,54655.29,-0.81,-1.54,51.924,43.762,38.329,51959.1,26251.06,18779.4,30.36,0.54,-6.9,9.29,6.04,-0.17,3532.66,13.69,10转12,51.56,46.9,51.2
14,51.2,51.56,48.76,46.9,52727.2,-2.92,-5.65,52.284,45.723,39.025,62343.14,31517.18,21042.58,29.29,0.54,-6.9,9.29,6.04,-0.17,3532.66,13.69,10转12,50.68,48.69,48.7
15,48.7,50.68,50.21,48.69,28405.83,1.45,2.97,51.994,47.537,39.724000000000004,67518.35,34341.16,21502.79,15.78,0.54,-6.9,9.29,6.04,-0.17,3532.66,13.69,10转12,52.59,50.53,50.85
16,50.85,52.59,51.45,50.53,42549.59,1.24,2.47,50.918,49.153999999999996,40.414,52912.22,38563.02,22740.83,23.64,0.54,-6.9,9.29,6.04,-0.17,3532.66,13.69,10转12,52.08,50.61,51.04
17,51.04,52.08,51.45,50.61,32634.96,0.0,0.0,50.71,50.418,41.027,42194.57,41741.31,23290.51,18.13,0.54,-6.9,9.29,6.04,-0.17,3532.66,13.69,10转12,53.6,51.02,51.54
18,51.54,53.6,52.27,51.02,41357.97,0.82,1.59,50.828,51.376000000000005,41.618,39535.11,45747.1,24241.43,22.98,0.54,-6.9,9.29,6.04,-0.17,3532.66,13.69,10转12,54.81,51.5,51.91
19,51.91,54.81,54.81,51.5,39622.95,2.54,4.86,52.038000000000004,52.161,42.278,36914.26,49628.7,25010.5,22.01,0.54,-6.9,9.29,6.04,-0.17,3532.66,13.69,10转12,55.0,53.22,54.5
20,54.5,55.0,53.96,53.22,30855.08,-0.85,-1.55,52.788000000000004,52.391000000000005,43.881,37404.11,52461.23,26538.76,17.14,0.54,-6.9,9.29,6.04,-0.17,3532.66,13.69,10转12,54.68,53.28,54.3
21,54.3,54.68,54.55,53.28,30495.31,0.59,1.09,53.408,52.163000000000004,45.403999999999996,34993.25,43952.74,28061.22,16.94,0.54,-6.9,9.29,6.04,-0.17,3532.66,13.69,10转12,59.94,54.08,54.91
22,54.91,59.94,58.85,54.08,45784.89,4.3,7.88,54.888000000000005,52.799,47.021,37623.24,39908.91,30349.77,25.44,0.54,-6.9,9.29,6.04,-0.17,3532.66,13.69,10转12,60.2,57.33,57.94
23,57.94,60.2,59.15,57.33,33064.5,0.3,0.51,56.263999999999996,53.54600000000001,48.653999999999996,35964.55,37749.83,32000.44,18.37,0.54,-6.9,9.29,6.04,-0.17,3532.66,13.69,10转12,57.98,54.51,57.98
24,57.98,57.98,54.93,54.51,33081.17,-4.22,-7.13,56.288000000000004,54.163000000000004,49.943000000000005,34656.19,35785.23,33651.2,18.38,0.54,-6.9,9.29,6.04,-0.17,3532.66,13.69,10转12,55.97,54.68,54.7
25,54.7,55.97,55.17,54.68,14333.32,0.24,0.44,56.53,54.659,51.098,31351.84,34377.97,34359.57,7.96,0.54,-6.9,9.29,6.04,-0.17,3532.66,13.69,10转12,56.35,53.0,55.06
26,55.06,56.35,53.64,53.0,22170.08,-1.53,-2.77,56.348,54.878,52.016000000000005,29686.79,32340.02,35451.52,12.32,0.54,-6.9,9.29,6.04,-0.17,3532.66,13.69,10转12,54.35,53.29,53.64
27,53.64,54.35,53.76,53.29,14656.26,0.12,0.22,55.33,55.108999999999995,52.763999999999996,23461.07,30542.15,36141.73,8.14,0.54,-6.9,9.29,6.04,-0.17,3532.66,13.69,10转12,55.99,53.78,53.89
28,53.89,55.99,55.78,53.78,17240.26,2.02,3.76,54.656000000000006,55.46,53.418,20296.22,28130.38,36938.74,9.58,0.54,-6.9,9.29,6.04,-0.17,3532.66,13.69,10转12,58.08,55.01,55.78
29,55.78,58.08,57.4,55.01,22641.05,1.62,2.9,55.15,55.718999999999994,53.94,18208.19,26432.19,38030.45,12.58,0.54,-6.9,9.29,6.04,-0.17,3532.66,13.69,10转12,58.88,55.7,56.0
30,56.0,58.88,58.14,55.7,28694.95,0.74,1.29,55.744,56.137,54.263999999999996,21080.52,26216.18,39338.7,15.94,0.54,-6.9,9.29,6.04,-0.17,3532.66,13.69,10转12,61.88,57.72,58.35
31,58.35,61.88,61.56,57.72,30103.38,3.42,5.88,57.328,56.838,54.501000000000005,22667.18,26176.99,35064.86,16.72,0.54,-6.9,9.29,6.04,-0.17,3532.66,13.69,10转12,67.44,67.44,67.44
32,67.44,67.44,67.44,67.44,116.0,6.13,10.0,60.06399999999999,57.696999999999996,55.248000000000005,19759.13,21610.1,30759.5,0.06,0.54,-6.9,9.29,6.04,-0.17,3532.66,13.69,10转12,74.18,74.18,74.18
33,74.18,74.18,74.18,74.18,421.0,6.74,9.99,63.744,59.2,56.373000000000005,16395.28,18345.75,28047.79,0.23,0.54,-6.9,9.29,6.04,-0.17,3532.66,13.69,10转12,81.6,81.6,81.6
34,81.6,81.6,81.6,81.6,1416.0,7.42,10.0,68.584,61.867,58.015,12150.27,15179.23,25482.23,0.79,0.54,-6.9,9.29,6.04,-0.17,3532.66,13.69,10转12,89.76,84.94,86.77
35,86.77,89.76,89.1,84.94,28685.12,7.5,9.19,74.77600000000001,65.26,59.96,12148.3,16614.41,25496.19,15.94,0.54,-6.9,9.29,6.04,-0.17,3532.66,13.69,10转12,87.75,80.19,84.0
36,84.0,87.75,80.19,80.19,36151.7,-8.91,-10.0,78.502,67.915,61.396,13357.96,18012.57,25176.3,20.08,0.54,-6.9,9.29,6.04,-0.17,3532.66,13.69,10转12,87.0,76.2,77.29
37,77.29,87.0,84.95,76.2,30312.79,4.76,5.94,82.00399999999999,71.03399999999999,63.071000000000005,19397.32,19578.22,25060.19,16.84,0.54,-6.9,9.29,6.04,-0.17,3532.66,13.69,10转12,88.98,84.01,86.3
38,86.3,88.98,86.81,84.01,23144.24,1.86,2.19,84.53,74.137,64.798,23941.97,20168.62,24149.5,12.86,0.54,-6.9,9.29,6.04,-0.17,3532.66,13.69,10转12,93.1,79.0,87.4
39,87.4,93.1,81.2,79.0,24615.96,-5.61,-6.46,84.45,76.517,66.118,28581.96,20366.11,23399.15,13.68,0.54,-6.9,9.29,6.04,-0.17,3532.66,13.69,10转12,79.0,73.08,77.03
40,77.03,79.0,73.08,73.08,22416.86,-8.12,-10.0,81.24600000000001,78.01100000000001,67.074,27328.31,19738.31,22977.24,12.45,0.54,-6.9,9.29,6.04,-0.17,3532.66,13.69,10转12,75.0,65.77,73.7
41,73.7,75.0,65.77,65.77,22562.93,-7.31,-10.0,78.362,78.432,67.635,24610.56,18984.26,22580.62,12.53,0.54,-6.9,9.29,6.04,-0.17,3532.66,13.69,10转12,69.86,59.19,64.99
42,64.99,69.86,66.09,59.19,31579.77,0.32,0.49,74.59,78.297,67.997,24863.95,22130.64,21870.37,17.54,0.54,-6.9,9.29,6.04,-0.17,3532.66,13.69,10转12,69.96,62.8,65.08
43,65.08,69.96,62.8,62.8,22957.45,-3.29,-4.98,69.788,77.15899999999999,68.18,24826.59,24384.28,21365.01,12.75,0.54,-6.9,9.29,6.04,-0.17,3532.66,13.69,10转12,65.77,57.59,61.11
44,61.11,65.77,57.6,57.59,21060.44,-5.2,-8.28,65.068,74.759,68.313,24115.49,26348.73,20763.98,11.7,0.54,-6.9,9.29,6.04,-0.17,3532.66,13.69,10转12,59.99,51.84,57.55
45,57.55,59.99,52.05,51.84,27193.7,-5.55,-9.63,60.861999999999995,71.054,68.157,25070.86,26199.58,21407.0,15.11,0.54,-6.9,9.29,6.04,-0.17,3532.66,13.69,10转12,57.26,52.05,57.26
46,57.26,57.26,57.26,52.05,44022.39,5.21,10.01,59.16,68.76100000000001,68.33800000000001,29362.75,26986.65,22499.61,24.46,0.54,-6.9,9.29,6.04,-0.17,3532.66,13.69,10转12,55.89,51.53,53.0
47,53.0,55.89,51.53,51.53,16543.92,-5.73,-10.01,56.248000000000005,65.419,68.227,26355.58,25609.77,22594.0,9.19,0.54,-6.9,9.29,6.04,-0.17,3532.66,13.69,10转12,49.46,46.38,46.38
48,46.38,49.46,46.38,46.38,36142.17,-5.15,-9.99,52.964,61.376000000000005,67.757,28992.52,26909.56,23539.09,20.08,0.54,-6.9,9.29,6.04,-0.17,3532.66,13.69,10转12,51.02,51.02,51.02
49,51.02,51.02,51.02,51.02,80.0,4.64,10.0,51.648,58.358000000000004,67.438,24796.44,24455.96,22411.04,0.04,0.54,-6.9,9.29,6.04,-0.17,3532.66,13.69,10转12,56.12,56.12,56.12
50,56.12,56.12,56.12,56.12,1363.0,5.1,10.0,52.461999999999996,56.662,67.337,19630.3,22350.58,21044.44,0.76,0.54,-6.9,9.29,6.04,-0.17,3532.66,13.69,10转12,61.73,51.1,53.5
51,53.5,61.73,60.2,51.1,39674.66,4.08,7.27,53.05,56.105,67.26899999999999,18760.75,24061.75,21523.01,22.04,0.54,-6.9,9.29,6.04,-0.17,3532.66,13.69,10转12,66.22,60.01,60.01
52,60.01,66.22,66.22,60.01,24122.44,6.02,10.0,55.988,56.118,67.208,20276.45,23316.02,22723.33,13.4,0.54,-6.9,9.29,6.04,-0.17,3532.66,13.69,10转12,71.47,66.66,69.5
53,69.5,71.47,67.57,66.66,26567.83,1.35,2.04,60.226000000000006,56.595,66.877,18361.59,23677.06,24030.67,14.76,0.54,-6.9,9.29,6.04,-0.17,3532.66,13.69,10转12,74.33,65.28,66.0
54,66.0,74.33,74.33,65.28,22287.65,6.76,10.0,64.888,58.268,66.514,22803.12,23799.78,25074.25,12.38,0.54,-6.9,9.29,6.04,-0.17,3532.66,13.69,10转12,79.8,71.6,74.33
55,74.33,79.8,77.94,71.6,27027.97,3.61,4.86,69.252,60.857,65.956,27936.11,23783.2,24991.39,15.02,0.54,-6.9,9.29,6.04,-0.17,3532.66,13.69,10转12,85.2,75.02,77.82
56,77.82,85.2,83.88,75.02,26549.44,5.94,7.62,73.988,63.519,66.14,25311.07,22035.91,24511.28,14.75,0.54,-6.9,9.29,6.04,-0.17,3532.66,13.69,10转12,85.83,77.0,82.5
57,82.5,85.83,79.1,77.0,26440.07,-4.78,-5.7,76.564,66.27600000000001,65.848,25774.59,23025.52,24317.64,14.69,0.54,-6.9,9.29,6.04,-0.17,3532.66,13.69,10转12,80.5,71.19,77.5
58,77.5,80.5,71.19,71.19,25197.04,-7.91,-10.0,77.288,68.757,65.067,25500.43,21931.01,24420.28,14.0,0.54,-6.9,9.29,6.04,-0.17,3532.66,13.69,10转12,74.18,64.5,64.7
59,64.7,74.18,71.1,64.5,27128.15,-0.09,-0.13,76.642,70.765,64.562,26468.53,24635.83,24545.89,15.07,0.54,-6.9,9.29,6.04,-0.17,3532.66,13.69,10转12,75.03,66.0,72.8
60,72.8,75.03,74.4,66.0,22127.2,3.3,4.64,75.934,72.593,64.627,25488.38,26712.25,24531.41,12.29,0.54,-6.9,9.29,6.04,-0.17,3532.66,13.69,10转12,74.93,68.0,72.98
61,72.98,74.93,68.06,68.0,19941.8,-6.34,-8.52,72.77,73.37899999999999,64.742,24166.85,24738.96,24400.35,11.08,0.54,-6.9,9.29,6.04,-0.17,3532.66,13.69,10转12,69.37,64.51,65.88
62,65.88,69.37,65.21,64.51,18882.13,-2.85,-4.19,69.992,73.278,64.69800000000001,22655.26,24214.93,23765.47,10.49,0.54,-6.9,9.29,6.04,-0.17,3532.66,13.69,10转12,65.0,58.69,64.0
63,64.0,65.0,59.18,58.69,18817.2,-6.03,-9.25,67.59,72.439,64.517,21379.3,23439.87,23558.46,10.45,0.54,-6.9,9.29,6.04,-0.17,3532.66,13.69,10转12,65.1,60.15,60.98
64,60.98,65.1,65.1,60.15,14947.12,5.92,10.0,66.39,71.516,64.892,18943.09,22705.81,23252.79,8.3,0.54,-6.9,9.29,6.04,-0.17,3532.66,13.69,10转12,69.98,65.5,66.18
65,66.18,69.98,67.0,65.5,20991.7,1.9,2.92,64.91,70.422,65.64,18715.99,22102.19,22942.69,11.66,0.54,-6.9,9.29,6.04,-0.17,3532.66,13.69,10转12,73.7,64.03,65.06
66,65.06,73.7,73.7,64.03,25819.23,6.7,10.0,66.038,69.404,66.462,19891.48,22029.16,22032.54,14.34,0.54,-6.9,9.29,6.04,-0.17,3532.66,13.69,10转12,76.89,71.4,72.98
67,72.98,76.89,76.61,71.4,22661.98,2.91,3.95,68.318,69.155,67.71600000000001,20647.45,21651.36,22338.44,12.59,0.54,-6.9,9.29,6.04,-0.17,3532.66,13.69,10转12,79.98,75.96,76.01
68,76.01,79.98,77.9,75.96,18297.93,1.29,1.68,72.062,69.82600000000001,69.292,20543.59,20961.44,21446.23,10.17,0.54,-6.9,9.29,6.04,-0.17,3532.66,13.69,10转12,78.77,74.68,77.85
69,77.85,78.77,74.76,74.68,19563.15,-3.14,-4.03,73.994,70.192,70.479,21466.8,20204.94,22420.38,10.87,0.54,-6.9,9.29,6.04,-0.17,3532.66,13.69,10转12,76.88,73.33,74.6
70,74.6,76.88,73.5,73.33,13057.13,-1.26,-1.69,75.294,70.102,71.348,19879.88,19297.94,23005.09,7.25,0.54,-6.9,9.29,6.04,-0.17,3532.66,13.69,10转12,77.59,73.5,74.11
71,74.11,77.59,76.61,73.5,13499.59,3.11,4.23,75.876,70.957,72.168,17415.96,18653.72,21696.34,7.5,0.54,-6.9,9.29,6.04,-0.17,3532.66,13.69,10转12,78.61,73.73,76.91
72,76.91,78.61,76.5,73.73,17143.91,-0.11,-0.14,75.854,72.086,72.682,16312.34,18479.89,21347.41,9.52,0.54,-6.9,9.29,6.04,-0.17,3532.66,13.69,10转12,75.8,72.58,75.5
73,75.5,75.8,74.0,72.58,8854.51,-2.5,-3.27,75.074,73.568,73.00399999999999,14423.66,17483.63,20461.75,4.92,0.54,-6.9,9.29,6.04,-0.17,3532.66,13.69,10转12,75.62,66.6,73.21
74,73.21,75.62,67.05,66.6,15467.07,-6.95,-9.39,73.532,73.763,72.64,13604.44,17535.62,20120.72,8.59,0.54,-6.9,9.29,6.04,-0.17,3532.66,13.69,10转12,70.0,61.11,66.5
75,66.5,70.0,70.0,61.11,16894.68,2.95,4.4,72.832,74.063,72.242,14371.95,17125.92,19614.05,9.39,0.58,-13.76,9.32,6.45,-0.38,3928.82,8.93,,69.88,63.0,63.0
76,63.0,69.88,68.37,63.0,31371.6,-1.63,-2.33,71.184,73.53,71.467,17946.35,17681.16,19855.16,17.43,0.58,-13.76,9.32,6.45,-0.38,3928.82,8.93,,65.11,61.53,64.8
77,64.8,65.11,61.53,61.53,14864.01,-6.84,-10.0,68.19,72.02199999999999,70.589,17490.37,16901.36,19276.36,8.26,0.58,-13.76,9.32,6.45,-0.38,3928.82,8.93,,58.0,55.38,58.0
78,58.0,58.0,55.38,55.38,14979.38,-6.15,-9.99,64.46600000000001,69.77,69.798,18715.35,16569.5,18765.47,8.32,0.58,-13.76,9.32,6.45,-0.38,3928.82,8.93,,56.8,49.84,50.98
79,50.98,56.8,49.84,49.84,17524.87,-5.54,-10.0,61.023999999999994,67.278,68.735,19126.91,16365.68,18285.31,9.74,0.58,-13.76,9.32,6.45,-0.38,3928.82,8.93,,53.81,48.02,51.0
80,51.0,53.81,49.88,48.02,20093.49,0.04,0.08,57.0,64.916,67.509,19766.67,17069.31,18183.62,11.16,0.58,-13.76,9.32,6.45,-0.38,3928.82,8.93,,54.0,48.23,49.7
81,49.7,54.0,53.7,48.23,16114.55,3.82,7.66,54.066,62.625,66.791,16715.26,17330.81,17992.26,8.95,0.58,-13.76,9.32,6.45,-0.38,3928.82,8.93,,57.8,54.03,55.0
82,55.0,57.8,56.91,54.03,23500.28,3.21,5.98,53.141999999999996,60.666000000000004,66.376,18442.51,17966.44,18223.17,13.06,0.58,-13.76,9.32,6.45,-0.38,3928.82,8.93,,60.28,55.1,55.99
83,55.99,60.28,57.8,55.1,24057.59,0.89,1.56,53.626000000000005,59.04600000000001,66.307,20258.16,19486.75,18485.19,13.37,0.58,-13.76,9.32,6.45,-0.38,3928.82,8.93,,58.96,56.53,57.7
84,57.7,58.96,58.2,56.53,13050.94,0.4,0.69,55.298,58.161,65.962,19363.37,19245.14,18390.38,7.25,0.58,-13.76,9.32,6.45,-0.38,3928.82,8.93,,59.15,52.38,59.0
85,59.0,59.15,52.38,52.38,15508.11,-5.82,-10.0,55.798,56.398999999999994,65.23100000000001,18446.29,19106.48,18116.2,8.62,0.58,-13.76,9.32,6.45,-0.38,3928.82,8.93,,53.37,49.73,50.88
86,50.88,53.37,51.15,49.73,10754.61,-1.23,-2.35,55.288000000000004,54.677,64.104,17374.31,17044.78,17362.97,5.97,0.58,-13.76,9.32,6.45,-0.38,3928.82,8.93,,56.27,51.31,51.7
87,51.7,56.27,56.0,51.31,13539.02,4.85,9.48,55.106,54.123999999999995,63.073,15382.05,16912.28,16906.82,7.52,0.58,-13.76,9.32,6.45,-0.38,3928.82,8.93,,58.2,54.68,55.7
88,55.7,58.2,55.43,54.68,16813.27,-0.57,-1.02,54.632,54.129,61.949,13933.19,17095.67,16832.59,9.34,0.58,-13.76,9.32,6.45,-0.38,3928.82,8.93,,56.88,55.02,56.25
89,56.25,56.88,55.85,55.02,11248.31,0.42,0.76,54.162,54.73,61.004,13572.66,16468.02,16416.85,6.25,0.58,-13.76,9.32,6.45,-0.38,3928.82,8.93,,60.23,53.8,54.0
90,54.0,60.23,59.56,53.8,19485.28,3.71,6.64,55.598,55.698,60.306999999999995,14368.1,16407.2,16738.25,10.83,0.58,-13.76,9.32,6.45,-0.38,3928.82,8.93,,63.8,59.99,60.1
91,60.1,63.8,62.38,59.99,21898.37,2.82,4.74,57.843999999999994,56.566,59.596000000000004,16596.85,16985.58,17158.19,12.17,0.58,-13.76,9.32,6.45,-0.38,3928.82,8.93,,65.68,61.0,61.61
92,61.61,65.68,64.08,61.0,20467.11,1.7,2.73,59.46,57.283,58.975,17982.47,16682.26,17324.35,11.37,0.58,-13.76,9.32,6.45,-0.38,3928.82,8.93,,68.5,64.0,64.01
93,64.01,68.5,67.21,64.0,16409.36,3.13,4.88,61.816,58.224,58.635,17901.69,15917.44,17702.09,9.12,0.58,-13.76,9.32,6.45,-0.38,3928.82,8.93,,69.69,61.66,66.0
94,66.0,69.69,65.0,61.66,19217.94,-2.21,-3.29,63.646,58.903999999999996,58.533,19495.61,16534.14,17889.64,10.68,0.58,-13.76,9.32,6.45,-0.38,3928.82,8.93,,69.89,64.46,65.0
95,65.0,69.89,69.55,64.46,14914.24,4.55,7.0,65.64399999999999,60.621,58.51,18581.4,16474.75,17790.62,8.29,0.58,-13.76,9.32,6.45,-0.38,3928.82,8.93,,68.99,65.7,67.08
96,67.08,68.99,67.1,65.7,12201.75,-2.45,-3.52,66.58800000000001,62.216,58.446999999999996,16642.08,16619.46,16832.12,6.78,0.58,-13.76,9.32,6.45,-0.38,3928.82,8.93,,68.28,63.33,67.7
97,67.7,68.28,65.28,63.33,13313.04,-1.82,-2.71,66.828,63.144,58.63399999999999,15211.27,16596.87,16754.58,7.4,0.58,-13.76,9.32,6.45,-0.38,3928.82,8.93,,67.89,65.51,65.51
98,65.51,67.89,66.16,65.51,544.0,0.88,1.35,66.618,64.217,59.173,12038.19,14969.94,16032.81,0.3,0.58,-13.76,9.32,6.45,-0.38,3928.82,8.93,,71.12,67.0,69.0
99,69.0,71.12,70.53,67.0,15442.08,5.25,8.04,67.72399999999999,65.685,60.208,11283.02,15389.32,15928.67,8.58,0.58,-13.76,9.32,6.45,-0.38,3928.82,8.93,,71.4,69.13,70.53
100,70.53,71.4,71.13,69.13,8636.15,0.6,0.85,68.04,66.842,61.27,10027.4,14304.4,15355.8,4.8,0.58,-13.76,9.32,6.45,-0.38,3928.82,8.93,,75.55,71.0,71.17
101,71.17,75.55,74.21,71.0,14165.79,3.08,4.33,69.462,68.025,62.29600000000001,10420.21,13531.15,15258.36,7.87,0.58,-13.76,9.32,6.45,-0.38,3928.82,8.93,,74.68,71.8,73.58
102,73.58,74.68,73.5,71.8,16150.21,-0.71,-0.96,71.10600000000001,68.967,63.125,10987.65,13099.46,14890.86,8.97,0.58,-13.76,9.32,6.45,-0.38,3928.82,8.93,,74.5,71.3,72.61
103,72.61,74.5,72.9,71.3,12873.5,-0.6,-0.82,72.454,69.536,63.88,13453.55,12745.87,14331.65,7.15,0.58,-13.76,9.32,6.45,-0.38,3928.82,8.93,,78.01,71.25,72.3
104,72.3,78.01,78.0,71.25,16698.16,5.1,7.0,73.94800000000001,70.836,64.87,13704.76,12493.89,14514.01,9.28,0.58,-13.76,9.32,6.45,-0.38,3928.82,8.93,,81.31,78.01,79.5
105,79.5,81.31,80.0,78.01,18600.93,2.0,2.56,75.722,71.881,66.251,15697.72,12862.56,14668.66,10.33,0.58,-13.76,9.32,6.45,-0.38,3928.82,8.93,,84.0,78.63,82.89
106,82.89,84.0,80.0,78.63,15226.25,0.0,0.0,76.88,73.171,67.694,15909.81,13165.01,14892.24,8.46,0.58,-13.76,9.32,6.45,-0.38,3928.82,8.93,,81.81,79.05,80.0
107,80.0,81.81,81.8,79.05,12699.18,1.8,2.25,78.54,74.82300000000001,68.983,15219.6,13103.63,14850.25,7.06,0.58,-13.76,9.32,6.45,-0.38,3928.82,8.93,,86.66,75.0,83.71
108,83.71,86.66,75.77,75.0,20891.93,-6.03,-7.37,79.11399999999999,75.78399999999999,70.001,16823.29,15138.42,15054.18,11.61,0.58,-13.76,9.32,6.45,-0.38,3928.82,8.93,,80.7,76.28,77.5
109,77.5,80.7,80.08,76.28,16199.2,4.31,5.69,79.53,76.73899999999999,71.212,16723.5,15214.13,15301.72,9.0,0.58,-13.76,9.32,6.45,-0.38,3928.82,8.93,,88.09,78.46,80.09
110,80.09,88.09,88.09,78.46,23548.72,8.01,10.0,81.148,78.435,72.639,17713.06,16705.39,15504.9,13.08,0.58,-13.76,9.32,6.45,-0.38,3928.82,8.93,,94.2,85.55,92.23
111,92.23,94.2,87.14,85.55,27762.5,-0.95,-1.08,82.57600000000001,79.72800000000001,73.877,20220.31,18065.06,15798.1,15.42,0.34,-66.0,,7.51,,5218.57,-3.32,,91.0,78.68,84.99
112,84.99,91.0,90.49,78.68,18768.38,3.35,3.84,84.314,81.42699999999999,75.197,21434.15,18326.88,15713.17,10.43,0.34,-66.0,,7.51,,5218.57,-3.32,,41.92,37.8,40.1
113,40.1,41.92,37.96,37.8,39613.34,-3.17,-7.71,76.752,77.933,73.735,25178.43,21000.86,16873.36,10.0,0.34,-66.0,,7.51,,5218.57,-3.32,,41.76,38.28,39.18
114,39.18,41.76,40.4,38.28,52829.21,2.44,6.43,68.816,74.173,72.50399999999999,32504.43,24613.96,18553.93,13.34,0.34,-66.0,,7.51,,5218.57,-3.32,,39.45,37.9,39.1
115,39.1,39.45,38.61,37.9,43919.81,-1.79,-4.43,58.92,70.03399999999999,70.958,36578.65,27145.85,20004.21,11.09,0.34,-66.0,,7.51,,5218.57,-3.32,,40.39,36.04,37.02
116,37.02,40.39,38.75,36.04,42015.96,0.14,0.36,49.242,65.90899999999999,69.54,39429.34,29824.82,21494.92,10.61,0.34,-66.0,,7.51,,5218.57,-3.32,,39.33,37.36,38.21
117,38.21,39.33,38.57,37.36,28161.45,-0.18,-0.47,38.858000000000004,61.586000000000006,68.205,41307.95,31371.05,22237.34,7.11,0.34,-66.0,,7.51,,5218.57,-3.32,,41.13,38.55,38.55
118,38.55,41.13,40.9,38.55,47422.01,2.33,6.04,39.446,58.099,66.942,42869.69,34024.06,24581.24,11.98,0.34,-66.0,,7.51,,5218.57,-3.32,,41.4,39.0,41.4
119,41.4,41.4,39.28,39.0,41569.94,-1.62,-3.96,39.222,54.019,65.37899999999999,40617.83,36561.13,25887.63,10.5,0.34,-66.0,,7.51,,5218.57,-3.32,,41.98,39.0,39.29
120,39.29,41.98,41.87,39.0,61755.2,2.59,6.59,39.874,49.397,63.916000000000004,44184.91,40381.78,28543.58,15.59,0.34,-66.0,,7.51,,5218.57,-3.32,,45.87,40.09,40.98
121,40.98,45.87,44.6,40.09,60033.78,2.73,6.52,41.044,45.143,62.43600000000001,47788.48,43608.91,30836.98,15.16,0.34,-66.0,,7.51,,5218.57,-3.32,,47.5,42.85,43.88
122,43.88,47.5,45.19,42.85,60381.9,0.59,1.32,42.368,40.613,61.02,54232.57,47770.26,33048.57,15.25,0.34,-66.0,,7.51,,5218.57,-3.32,,47.35,44.03,45.59
123,45.59,47.35,47.35,44.03,60396.19,2.16,4.78,43.658,41.552,59.743,56827.4,49848.55,35424.7,15.25,0.34,-66.0,,7.51,,5218.57,-3.32,,49.7,46.01,47.81
124,47.81,49.7,48.71,46.01,60872.07,1.36,2.87,45.544,42.383,58.278,60687.83,50652.83,37633.4,15.37,0.34,-66.0,,7.51,,5218.57,-3.32,,48.14,44.11,47.2
125,47.2,48.14,44.28,44.11,65321.52,-4.43,-9.1,46.026,42.95,56.492,61401.09,52793.0,39969.43,16.5,0.34,-66.0,,7.51,,5218.57,-3.32,,45.28,42.39,42.8
126,42.8,45.28,44.89,42.39,26554.5,0.61,1.38,46.083999999999996,43.56399999999999,54.736999999999995,54705.24,51246.86,40535.84,6.71,0.34,-66.0,,7.51,,5218.57,-3.32,,46.6,44.48,45.3
127,45.3,46.6,45.07,44.48,41295.71,0.18,0.4,46.06,44.214,52.9,50888.0,52560.28,41965.67,10.43,0.34,-66.0,,7.51,,5218.57,-3.32,,45.46,41.7,44.66
128,44.66,45.46,41.77,41.7,39432.79,-3.3,-7.32,44.943999999999996,44.301,51.2,46695.32,51761.36,42892.71,9.96,0.34,-66.0,,7.51,,5218.57,-3.32,,43.48,41.77,42.0
129,42.0,43.48,43.22,41.77,35218.72,1.45,3.47,43.846000000000004,44.695,49.357,41564.65,51126.24,43843.69,8.89,0.34,-66.0,,7.51,,5218.57,-3.32,,46.89,43.37,43.37
130,43.37,46.89,46.53,43.37,59174.27,3.31,7.66,44.29600000000001,45.161,47.278999999999996,40335.2,50868.15,45624.96,14.94,0.34,-66.0,,7.51,,5218.57,-3.32,,48.47,45.3,45.4
131,45.4,48.47,46.5,45.3,58217.06,-0.03,-0.06,44.618,45.351000000000006,45.247,46667.71,50686.47,47147.69,14.7,0.34,-66.0,,7.51,,5218.57,-3.32,,48.2,45.57,45.88
132,45.88,48.2,48.1,45.57,43708.41,1.6,3.44,45.224,45.641999999999996,43.128,47150.25,49019.12,48394.69,11.04,0.34,-66.0,,7.51,,5218.57,-3.32,,48.5,46.5,48.4
133,48.4,48.5,47.75,46.5,44138.55,-0.35,-0.73,46.42,45.681999999999995,43.617,48091.4,47393.36,48620.95,11.15,0.34,-66.0,,7.51,,5218.57,-3.32,,47.85,45.45,47.75
134,47.75,47.85,45.64,45.45,41444.7,-2.11,-4.42,46.903999999999996,45.375,43.879,49336.6,45450.62,48051.73,10.47,0.34,-66.0,,7.51,,5218.57,-3.32,,46.49,42.2,45.01
135,45.01,46.49,43.0,42.2,41488.41,-2.64,-5.78,46.198,45.247,44.099,45799.43,43067.31,47930.16,10.48,0.34,-66.0,,7.51,,5218.57,-3.32,,43.57,40.0,43.55
136,43.55,43.57,43.2,40.0,37873.27,0.2,0.47,45.538000000000004,45.078,44.321000000000005,41730.67,44199.19,47723.02,9.56,0.34,-66.0,,7.51,,5218.57,-3.32,,47.21,42.16,42.8
137,42.8,47.21,44.5,42.16,45680.69,1.3,3.01,44.818000000000005,45.021,44.618,42125.12,44637.69,48598.98,11.54,0.34,-66.0,,7.51,,5218.57,-3.32,,44.44,40.1,43.8
138,43.8,44.44,41.78,40.1,31930.28,-2.72,-6.11,43.623999999999995,45.022,44.662,39683.47,43887.44,47824.4,8.06,0.34,-66.0,,7.51,,5218.57,-3.32,,43.59,41.42,41.42
139,41.42,43.59,42.41,41.42,20840.61,0.63,1.51,42.978,44.941,44.818000000000005,35562.65,42449.63,46787.93,5.26,0.34,-66.0,,7.51,,5218.57,-3.32,,43.99,41.0,42.65
140,42.65,43.99,41.86,41.0,23947.15,-0.55,-1.3,42.75,44.474,44.818000000000005,32054.4,38926.91,44897.53,6.05,0.34,-66.0,,7.51,,5218.57,-3.32,,42.5,41.39,41.86
141,41.86,42.5,42.3,41.39,14867.97,0.44,1.05,42.57,44.053999999999995,44.703,27453.34,34592.0,42639.24,3.75,0.34,-66.0,,7.51,,5218.57,-3.32,,42.28,40.7,42.18
142,42.18,42.28,40.93,40.7,22294.15,-1.37,-3.24,41.856,43.336999999999996,44.49,22776.03,32450.58,40734.85,5.63,0.34,-66.0,,7.51,,5218.57,-3.32,,41.3,39.13,40.93
143,40.93,41.3,39.4,39.13,19422.92,-1.53,-3.74,41.38,42.501999999999995,44.092,20274.56,29979.02,38686.19,4.9,0.34,-66.0,,7.51,,5218.57,-3.32,,39.67,38.9,39.4
144,39.4,39.67,39.16,38.9,18135.59,-0.24,-0.61,40.73,41.854,43.615,19733.56,27648.1,36549.36,4.58,0.34,-66.0,,7.51,,5218.57,-3.32,,40.38,39.0,39.47
145,39.47,40.38,40.0,39.0,15030.02,0.84,2.15,40.358000000000004,41.553999999999995,43.401,17950.13,25002.26,34034.79,3.8,0.34,-66.0,,7.51,,5218.57,-3.32,,40.68,39.0,39.32
146,39.32,40.68,40.6,39.0,17065.69,0.6,1.5,40.018,41.294,43.18600000000001,18389.67,22921.51,33560.35,4.31,0.34,-66.0,,7.51,,5218.57,-3.32,,41.62,40.31,40.31
147,40.31,41.62,40.9,40.31,16448.19,0.3,0.74,40.012,40.934,42.978,17220.48,19998.26,32317.97,4.15,0.34,-66.0,,7.51,,5218.57,-3.32,,44.99,40.74,40.74
148,40.74,44.99,44.99,40.74,44345.49,4.09,10.0,41.13,41.255,43.138999999999996,22205.0,21239.78,32563.61,11.2,0.34,-66.0,,7.51,,5218.57,-3.32,,47.9,44.9,46.6
149,46.6,47.9,46.05,44.9,76024.52,1.06,2.36,42.508,41.619,43.28,33782.78,26758.17,34603.9,19.2,0.34,-66.0,,7.51,,5218.57,-3.32,,47.08,44.71,45.01
150,45.01,47.08,44.98,44.71,41530.06,-1.07,-2.32,43.504,41.931000000000004,43.203,39082.79,28516.46,33721.69,10.49,0.34,-66.0,,7.51,,5218.57,-3.32,,46.8,43.85,44.0
151,44.0,46.8,45.7,43.85,33587.24,0.72,1.6,44.523999999999994,42.271,43.163000000000004,42387.1,30388.39,32490.2,8.48,0.34,-66.0,,7.51,,5218.57,-3.32,,45.81,44.45,45.5
152,45.5,45.81,45.42,44.45,23070.64,-0.28,-0.61,45.428000000000004,42.72,43.028999999999996,43711.59,30466.04,31458.31,5.83,0.34,-66.0,,7.51,,5218.57,-3.32,,45.57,43.0,45.13
153,45.13,45.57,45.2,43.0,32979.49,-0.22,-0.48,45.47,43.3,42.901,41438.39,31821.69,30900.35,8.33,0.34,-66.0,,7.51,,5218.57,-3.32,,45.45,43.5,44.61
154,44.61,45.45,45.43,43.5,19459.83,0.23,0.51,45.346000000000004,43.927,42.89,30125.45,31954.12,29801.11,4.91,0.34,-66.0,,7.51,,5218.57,-3.32,,46.6,45.0,45.8
155,45.8,46.6,46.55,45.0,31396.29,1.12,2.46,45.66,44.582,43.068000000000005,28098.7,33590.74,29296.5,7.93,0.34,-66.0,,7.51,,5218.57,-3.32,,46.59,44.01,46.05
156,46.05,46.59,45.1,44.01,26615.38,-1.45,-3.12,45.54,45.032,43.163000000000004,26704.33,34545.71,28733.61,6.72,0.34,-66.0,,7.51,,5218.57,-3.32,,45.4,44.02,44.22
157,44.22,45.4,45.35,44.02,17057.62,0.25,0.55,45.526,45.477,43.205,25501.72,34606.66,27302.46,4.31,0.34,-66.0,,7.51,,5218.57,-3.32,,45.6,44.61,45.0
158,45.0,45.6,44.95,44.61,11233.02,-0.4,-0.88,45.476000000000006,45.473,43.364,21152.43,31295.41,26267.59,2.84,0.34,-66.0,,7.51,,5218.57,-3.32,,45.95,44.48,45.27
159,45.27,45.95,44.58,44.48,15555.25,-0.37,-0.82,45.306000000000004,45.326,43.473,20371.51,25248.48,26003.33,3.93,0.34,-66.0,,7.51,,5218.57,-3.32,,44.7,40.12,44.7
160,44.7,44.7,40.12,40.12,20196.6,-4.46,-10.0,44.02,44.84,43.386,18131.57,23115.14,25815.8,5.1,0.34,-66.0,,7.51,,5218.57,-3.32,,39.76,36.11,36.95
161,36.95,39.76,37.2,36.11,26086.6,-2.92,-7.28,42.44,43.99,43.131,18025.82,22365.07,26376.73,6.59,0.34,-66.0,,7.51,,5218.57,-3.32,,38.55,36.0,37.6
162,37.6,38.55,37.9,36.0,19500.69,0.7,1.88,40.95,43.238,42.979,18514.43,22008.08,26237.06,4.92,0.34,-66.0,,7.51,,5218.57,-3.32,,37.0,34.11,37.0
163,37.0,37.0,34.12,34.11,6620.3,-3.78,-9.97,38.784,42.13,42.715,17591.89,19372.16,25596.93,1.67,0.34,-66.0,,7.51,,5218.57,-3.32,,35.42,31.0,35.16
164,35.16,35.42,33.28,31.0,20007.92,-0.84,-2.46,36.524,40.915,42.42100000000001,18482.42,19426.97,25690.54,5.05,0.34,-66.0,,7.51,,5218.57,-3.32,,32.42,29.95,32.13
165,32.13,32.42,29.95,29.95,20326.74,-3.33,-10.01,34.49,39.255,41.919,18508.45,18320.01,25955.38,5.13,0.34,-66.0,,7.51,,5218.57,-3.32,,30.96,29.11,30.0
166,30.0,30.96,30.26,29.11,13949.7,0.31,1.03,33.102,37.771,41.402,16081.07,17053.44,25799.58,3.52,0.34,-66.0,,7.51,,5218.57,-3.32,,30.89,27.36,30.5
167,30.5,30.89,28.44,27.36,14404.53,-1.82,-6.01,31.21,36.08,40.779,15061.84,16788.14,25697.4,3.64,0.34,-66.0,,7.51,,5218.57,-3.32,,30.1,26.68,27.0
168,27.0,30.1,29.79,26.68,15126.3,1.35,4.75,30.344,34.564,40.019,16763.04,17177.46,24236.44,3.82,0.34,-66.0,,7.51,,5218.57,-3.32,,30.15,27.32,29.3
169,29.3,30.15,28.4,27.32,16015.21,-1.39,-4.67,29.368000000000002,32.946,39.135999999999996,15964.5,17223.46,21235.97,4.04,0.34,-66.0,,7.51,,5218.57,-3.32,,29.87,27.65,27.65
170,27.65,29.87,29.34,27.65,14290.55,0.94,3.31,29.246,31.868000000000002,38.354,14757.26,16632.85,19874.0,3.61,0.34,-66.0,,7.51,,5218.57,-3.32,,30.5,28.7,29.39
171,29.39,30.5,30.22,28.7,18648.77,0.88,3.0,29.238000000000003,31.17,37.58,15697.07,15889.07,19127.07,4.71,0.34,-66.0,,7.51,,5218.57,-3.32,,30.49,29.42,29.95
172,29.95,30.49,29.53,29.42,15544.68,-0.69,-2.28,29.456,30.333000000000002,36.786,15925.1,15493.47,18750.77,3.93,0.34,-66.0,,7.51,,5218.57,-3.32,,29.99,27.53,29.5
173,29.5,29.99,28.2,27.53,15162.42,-1.33,-4.5,29.138,29.741,35.936,15932.33,16347.68,17859.92,3.83,0.34,-66.0,,7.51,,5218.57,-3.32,,29.3,27.55,28.41
174,28.41,29.3,28.97,27.55,10788.32,0.77,2.73,29.252,29.31,35.113,14886.95,15425.72,17426.34,2.72,0.34,-66.0,,7.51,,5218.57,-3.32,,31.87,29.06,29.2
175,29.2,31.87,31.87,29.06,36174.73,2.9,10.01,29.758000000000003,29.502,34.379,19263.78,17010.52,17665.27,9.14,0.34,-66.0,,7.51,,5218.57,-3.32,,34.75,30.88,31.89
176,31.89,34.75,31.85,30.88,58011.3,-0.02,-0.06,30.084,29.660999999999998,33.716,27136.29,21416.68,19235.06,14.65,0.34,-66.0,,7.51,,5218.57,-3.32,,35.04,35.04,35.04
177,35.04,35.04,35.04,35.04,3569.84,3.19,10.02,31.186,30.320999999999998,33.201,24741.32,20333.21,18560.67,0.9,0.03,-53.23,,0.57,,612.96,37.59,,38.0,33.93,36.8
178,36.8,38.0,36.2,33.93,67815.03,1.16,3.31,32.786,30.962,32.763000000000005,35271.84,25602.09,21389.77,17.13,0.03,-53.23,,0.57,,612.96,37.59,,36.69,35.01,36.23
179,36.23,36.69,35.28,35.01,32997.12,-0.92,-2.54,34.048,31.65,32.298,39713.6,27300.28,22261.87,8.33,0.03,-53.23,,0.57,,612.96,37.59,,37.1,34.8,35.14
180,35.14,37.1,35.59,34.8,28065.61,0.31,0.88,34.792,32.275,32.071999999999996,38091.78,28677.78,22655.32,4.11,0.03,-53.23,,0.57,,612.96,37.59,,35.19,33.33,35.19
181,35.19,35.19,33.99,33.33,22189.2,-1.6,-4.5,35.22,32.652,31.910999999999998,30927.36,29031.83,22460.45,3.25,0.03,-53.23,,0.57,,612.96,37.59,,34.86,33.68,34.5
182,34.5,34.86,33.77,33.68,14917.35,-0.22,-0.65,34.966,33.076,31.705,33196.86,28969.09,22231.28,2.18,0.03,-53.23,,0.57,,612.96,37.59,,34.12,30.64,34.12
183,34.12,34.12,30.99,30.64,32054.26,-2.78,-8.23,33.924,33.355,31.548000000000002,26044.71,30658.28,23502.98,4.69,0.03,-53.23,,0.57,,612.96,37.59,,31.39,30.5,31.08
184,31.08,31.39,30.55,30.5,14215.82,-0.44,-1.42,32.978,33.513000000000005,31.412,22288.45,31001.03,23213.37,2.08,0.03,-53.23,,0.57,,612.96,37.59,,30.68,29.44,30.4
185,30.4,30.68,30.56,29.44,21400.39,0.01,0.03,31.971999999999998,33.382,31.441999999999997,20955.4,29523.59,23267.06,3.13,0.03,-53.23,,0.57,,612.96,37.59,,31.4,29.6,30.38
186,30.38,31.4,31.08,29.6,19247.11,0.52,1.7,31.39,33.305,31.483,20366.99,25647.17,23531.93,2.82,0.19,-64.74,6.17,3.09,-0.03,3362.64,-4.81,,31.6,30.73,31.0
187,31.0,31.6,31.48,30.73,12371.45,0.4,1.29,30.932,32.949,31.635,19857.81,26527.33,23430.27,1.81,0.19,-64.74,6.17,3.09,-0.03,3362.64,-4.81,,31.59,30.4,31.49
188,31.49,31.59,30.49,30.4,18689.7,-0.99,-3.15,30.831999999999997,32.378,31.67,17184.89,21614.8,23608.44,2.74,0.19,-64.74,6.17,3.09,-0.03,3362.64,-4.81,,33.54,30.21,30.44
189,30.44,33.54,33.54,30.21,43030.74,3.05,10.0,31.43,32.204,31.927,22947.88,22618.16,24959.22,6.3,0.19,-64.74,6.17,3.09,-0.03,3362.64,-4.81,,34.52,33.01,33.55
190,33.55,34.52,33.59,33.01,41198.66,0.05,0.15,32.036,32.004,32.14,26907.53,23931.47,26304.63,6.03,0.19,-64.74,6.17,3.09,-0.03,3362.64,-4.81,,34.39,32.72,34.06
191,34.06,34.39,33.96,32.72,47766.4,0.37,1.1,32.611999999999995,32.001,32.327,32611.39,26489.19,27760.51,6.99,0.19,-64.74,6.17,3.09,-0.03,3362.64,-4.81,,33.87,32.99,33.7
192,33.7,33.87,33.14,32.99,37335.64,-0.82,-2.42,32.944,31.938000000000002,32.507,37604.23,28731.02,28850.05,5.47,0.19,-64.74,6.17,3.09,-0.03,3362.64,-4.81,,33.33,32.65,32.99
193,32.99,33.33,32.97,32.65,23446.07,-0.17,-0.51,33.44,32.135999999999996,32.746,38555.5,27870.2,29264.24,3.43,0.19,-64.74,6.17,3.09,-0.03,3362.64,-4.81,,33.24,30.6,32.95
194,32.95,33.24,31.25,30.6,34859.67,-1.72,-5.22,32.982,32.205999999999996,32.86,36921.29,29934.58,30467.8,5.1,0.19,-64.74,6.17,3.09,-0.03,3362.64,-4.81,,31.11,29.48,30.92
195,30.92,31.11,30.05,29.48,18478.55,-1.2,-3.84,32.274,32.155,32.769,32377.27,29642.4,29583.0,2.7,0.19,-64.74,6.17,3.09,-0.03,3362.64,-4.81,,30.45,29.78,30.0
196,30.0,30.45,29.93,29.78,9318.8,-0.12,-0.4,31.468000000000004,32.04,32.673,24687.75,28649.57,27148.37,1.36,0.19,-64.74,6.17,3.09,-0.03,3362.64,-4.81,,30.24,29.2,29.82
197,29.82,30.24,29.45,29.2,10627.83,-0.48,-1.6,30.73,31.837,32.393,19346.18,28475.21,27501.27,1.56,0.19,-64.74,6.17,3.09,-0.03,3362.64,-4.81,,29.5,28.1,29.2
198,29.2,29.5,29.5,28.1,14488.92,0.05,0.17,30.035999999999998,31.738000000000003,32.058,17554.75,28055.13,24834.96,2.12,0.19,-64.74,6.17,3.09,-0.03,3362.64,-4.81,,30.61,29.39,29.5
199,29.5,30.61,29.69,29.39,10331.85,0.19,0.64,29.724,31.353,31.779,12649.19,24785.24,23701.7,1.51,0.19,-64.74,6.17,3.09,-0.03,3362.64,-4.81,,29.68,28.78,29.68
200,29.68,29.68,29.32,28.78,18146.1,-0.37,-1.25,29.578000000000003,30.926,31.465,12582.7,22479.98,23205.73,2.66,0.19,-64.74,6.17,3.09,-0.03,3362.64,-4.81,,30.38,29.03,29.03
201,29.03,30.38,30.2,29.03,16743.07,0.88,3.0,29.631999999999998,30.55,31.276,14067.55,19377.65,22933.42,2.45,0.19,-64.74,6.17,3.09,-0.03,3362.64,-4.81,,29.8,27.97,29.8
202,29.8,29.8,28.9,27.97,19056.99,-1.3,-4.3,29.522,30.125999999999998,31.031999999999996,15753.39,17549.79,23140.4,2.79,0.19,-64.74,6.17,3.09,-0.03,3362.64,-4.81,,29.52,28.67,29.0
203,29.0,29.52,28.75,28.67,14717.99,-0.15,-0.52,29.372,29.704,30.92,15799.2,16676.98,22273.59,2.15,0.19,-64.74,6.17,3.09,-0.03,3362.64,-4.81,,28.8,28.07,28.25
204,28.25,28.8,28.76,28.07,10455.18,0.01,0.04,29.186,29.455,30.831,15823.87,14236.53,22085.56,1.53,0.19,-64.74,6.17,3.09,-0.03,3362.64,-4.81,,29.99,28.8,28.83
205,28.83,29.99,29.29,28.8,14130.64,0.53,1.84,29.18,29.379,30.767,15020.77,13801.74,21722.07,2.07,0.19,-64.74,6.17,3.09,-0.03,3362.64,-4.81,,29.47,28.66,29.4
206,29.4,29.47,29.25,28.66,9420.22,-0.04,-0.14,28.99,29.311,30.676,13556.2,13811.88,21230.72,1.38,0.19,-64.74,6.17,3.09,-0.03,3362.64,-4.81,,32.18,29.15,29.15
207,29.15,32.18,32.18,29.15,57244.74,2.93,10.02,29.646,29.584,30.711,21193.75,18473.57,23474.39,8.38,0.19,-64.74,6.17,3.09,-0.03,3362.64,-4.81,,32.09,30.48,31.97
208,31.97,32.09,31.95,30.48,48422.48,-0.13,-0.41,30.285999999999998,29.829,30.784000000000002,27934.65,21866.93,24961.03,7.09,0.19,-64.74,6.17,3.09,-0.03,3362.64,-4.81,,33.58,31.19,31.5
209,31.5,33.58,33.11,31.19,76553.63,1.16,3.63,31.156,30.171,30.761999999999997,41154.34,28489.1,26637.17,11.21,0.19,-64.74,6.17,3.09,-0.03,3362.64,-4.81,,33.11,31.48,32.56
210,32.56,33.11,31.52,31.48,37691.29,-1.59,-4.8,31.601999999999997,30.391,30.659000000000002,45866.47,30443.62,26461.8,5.52,0.19,-64.74,6.17,3.09,-0.03,3362.64,-4.81,,32.78,31.2,31.8
211,31.8,32.78,32.4,31.2,51881.35,0.88,2.79,32.232,30.611,30.581,54358.7,33957.45,26667.55,7.59,0.19,-64.74,6.17,3.09,-0.03,3362.64,-4.81,,33.15,32.15,32.39
212,32.39,33.15,32.8,32.15,48428.22,0.4,1.24,32.356,31.000999999999998,30.564,52595.39,36894.57,27222.18,7.09,0.19,-64.74,6.17,3.09,-0.03,3362.64,-4.81,,33.18,32.4,32.68
213,32.68,33.18,32.8,32.4,40429.58,0.0,0.0,32.525999999999996,31.406,30.555,50996.81,39465.73,28071.36,5.92,0.19,-64.74,6.17,3.09,-0.03,3362.64,-4.81,,33.94,32.68,32.95
214,32.95,33.94,33.39,32.68,54164.68,0.59,1.8,32.582,31.869,30.662,46519.02,43836.68,29036.61,7.93,0.19,-64.74,6.17,3.09,-0.03,3362.64,-4.81,,33.8,32.51,33.44
215,33.44,33.8,32.63,32.51,34348.87,-0.76,-2.28,32.804,32.203,30.791,45850.54,45858.51,29830.12,5.03,0.19,-64.74,6.17,3.09,-0.03,3362.64,-4.81,,32.95,31.9,32.74
216,32.74,32.95,32.44,31.9,26910.94,-0.19,-0.58,32.812,32.522,30.916999999999998,40856.46,47607.58,30709.73,3.94,0.19,-64.74,6.17,3.09,-0.03,3362.64,-4.81,,32.92,31.9,32.38
217,32.38,32.92,32.72,31.9,23789.12,0.28,0.86,32.796,32.576,31.08,35928.64,44262.02,31367.79,3.48,0.19,-64.74,6.17,3.09,-0.03,3362.64,-4.81,,32.2,29.45,32.2
218,32.2,32.2,29.45,29.45,44472.21,-3.27,-9.99,32.126,32.326,31.078000000000003,36737.16,43866.99,32866.96,6.51,0.19,-64.74,6.17,3.09,-0.03,3362.64,-4.81,,29.59,28.71,29.59
219,29.59,29.59,29.45,28.71,24192.89,0.0,0.0,31.338,31.96,31.066,30742.81,38630.91,33560.01,3.54,0.19,-64.74,6.17,3.09,-0.03,3362.64,-4.81,,30.82,28.8,29.0
220,29.0,30.82,30.65,28.8,24062.72,1.2,4.08,30.941999999999997,31.873,31.131999999999998,28685.58,37268.06,33855.84,3.52,0.19,-64.74,6.17,3.09,-0.03,3362.64,-4.81,,30.52,29.73,30.5
221,30.5,30.52,29.82,29.73,18635.81,-0.83,-2.71,30.418000000000003,31.615,31.113000000000003,27030.55,33943.5,33950.48,2.73,0.19,-64.74,6.17,3.09,-0.03,3362.64,-4.81,,30.77,29.62,29.62
222,29.62,30.77,29.98,29.62,15484.05,0.16,0.54,29.87,31.333000000000002,31.166999999999998,25369.54,30649.09,33771.83,2.27,0.19,-64.74,6.17,3.09,-0.03,3362.64,-4.81,,30.57,29.51,30.16
223,30.16,30.57,30.45,29.51,14618.19,0.47,1.57,30.07,31.098000000000003,31.252,19398.73,28067.95,33766.84,2.14,0.19,-64.74,6.17,3.09,-0.03,3362.64,-4.81,,31.0,29.68,30.51
224,30.51,31.0,29.73,29.68,19870.7,-0.72,-2.37,30.125999999999998,30.732,31.301,18534.29,24638.55,34237.62,2.91,0.19,-64.74,6.17,3.09,-0.03,3362.64,-4.81,,29.82,29.03,29.63
225,29.63,29.82,29.82,29.03,39290.23,0.09,0.3,29.96,30.451,31.326999999999998,21579.8,25132.69,35495.6,5.75,0.19,-64.74,6.17,3.09,-0.03,3362.64,-4.81,,29.95,29.4,29.92
226,29.92,29.95,29.71,29.4,18523.77,-0.11,-0.37,29.938000000000002,30.178,31.35,21557.39,24293.97,35950.77,2.71,0.19,-64.74,6.17,3.09,-0.03,3362.64,-4.81,,30.24,27.38,29.9
227,29.9,30.24,29.34,27.38,27999.68,-0.37,-1.25,29.81,29.84,31.208000000000002,24060.51,24715.03,34488.52,4.1,0.19,-64.74,6.17,3.09,-0.03,3362.64,-4.81,,30.18,28.81,29.12
228,29.12,30.18,30.15,28.81,27964.37,0.81,2.76,29.75,29.91,31.118000000000002,26729.75,23064.24,33465.62,4.09,0.19,-64.74,6.17,3.09,-0.03,3362.64,-4.81,,30.54,29.9,30.0
229,30.0,30.54,30.41,29.9,41418.52,0.26,0.86,29.886,30.006,30.983,31039.31,24786.8,31708.86,6.06,0.19,-64.74,6.17,3.09,-0.03,3362.64,-4.81,,31.98,30.55,30.55
230,30.55,31.98,31.35,30.55,56386.84,0.94,3.09,30.191999999999997,30.076,30.975,34458.64,28019.22,32643.64,8.25,0.19,-64.74,6.17,3.09,-0.03,3362.64,-4.81,,31.66,30.77,31.3
231,31.3,31.66,31.66,30.77,34858.0,0.31,0.99,30.581999999999997,30.26,30.938000000000002,37725.48,29641.44,31792.47,5.1,0.19,-64.74,6.17,3.09,-0.03,3362.64,-4.81,,32.1,30.89,32.05
232,32.05,32.1,30.92,30.89,32462.82,-0.74,-2.34,30.898000000000003,30.354,30.844,38618.11,31339.31,30994.2,4.75,0.19,-64.74,6.17,3.09,-0.03,3362.64,-4.81,,31.6,30.68,30.9
233,30.9,31.6,31.46,30.68,27520.01,0.54,1.75,31.16,30.455,30.776999999999997,38529.24,32629.49,30348.72,4.03,0.19,-64.74,6.17,3.09,-0.03,3362.64,-4.81,,33.89,31.54,31.55
234,31.55,33.89,32.72,31.54,62119.97,1.26,4.0,31.622,30.754,30.743000000000002,42669.53,36854.42,30746.49,9.09,0.19,-64.74,6.17,3.09,-0.03,3362.64,-4.81,,32.48,31.8,32.11
235,32.11,32.48,32.3,31.8,37165.02,-0.42,-1.28,31.811999999999998,31.002,30.726999999999997,38825.16,36641.9,30887.29,5.44,0.19,-64.74,6.17,3.09,-0.03,3362.64,-4.81,,32.66,31.56,32.29
236,32.29,32.66,31.81,31.56,33528.66,-0.49,-1.52,31.842,31.212,30.695,38559.3,38142.39,31218.18,4.91,0.19,-64.74,6.17,3.09,-0.03,3362.64,-4.81,,32.78,31.6,32.0
237,32.0,32.78,32.3,31.6,34322.35,0.49,1.54,32.118,31.508000000000003,30.674,38931.2,38774.66,31744.84,5.02,0.19,-64.74,6.17,3.09,-0.03,3362.64,-4.81,,32.7,31.81,32.3
238,32.3,32.7,31.88,31.81,30984.18,-0.42,-1.3,32.202,31.680999999999997,30.796,39624.04,39076.64,31070.44,4.54,0.19,-64.74,6.17,3.09,-0.03,3362.64,-4.81,,32.25,31.27,31.65
239,31.65,32.25,32.23,31.27,26380.5,0.35,1.1,32.104,31.863000000000003,30.935,32476.14,37572.84,31179.82,3.86,0.19,-64.74,6.17,3.09,-0.03,3362.64,-4.81,,32.85,32.1,32.23
240,32.23,32.85,32.51,32.1,32271.42,0.28,0.87,32.146,31.979,31.028000000000002,31497.42,35161.29,31590.25,4.72,0.19,-64.74,6.17,3.09,-0.03,3362.64,-4.81,,32.69,32.2,32.61
241,32.61,32.69,32.37,32.2,21296.86,-0.14,-0.43,32.258,32.05,31.155,29051.06,33805.18,31723.31,3.12,0.19,-64.74,6.17,3.09,-0.03,3362.64,-4.81,,32.45,31.76,32.27
242,32.27,32.45,31.9,31.76,17504.0,-0.47,-1.45,32.178000000000004,32.148,31.250999999999998,25687.39,32309.3,31824.3,2.56,0.19,-64.74,6.17,3.09,-0.03,3362.64,-4.81,,32.02,31.31,31.71
243,31.71,32.02,31.64,31.31,14643.92,-0.26,-0.81,32.13,32.166,31.311,22419.34,31021.69,31825.59,2.14,0.19,-64.74,6.17,3.09,-0.03,3362.64,-4.81,,32.24,31.56,31.73
244,31.73,32.24,32.21,31.56,16817.01,0.57,1.8,32.126,32.115,31.435,20506.64,26491.39,31672.91,2.46,0.19,-64.74,6.17,3.09,-0.03,3362.64,-4.81,,32.49,31.84,32.3
245,32.3,32.49,31.89,31.84,15149.49,-0.32,-0.99,32.001999999999995,32.074,31.538,17082.26,24289.84,30465.87,2.22,0.19,-64.74,6.17,3.09,-0.03,3362.64,-4.81,,32.19,31.68,31.78
246,31.78,32.19,31.85,31.68,17678.64,-0.04,-0.12,31.898000000000003,32.078,31.645,16358.61,22704.84,30423.61,2.59,0.19,-64.74,6.17,3.09,-0.03,3362.64,-4.81,,31.95,30.65,31.93
247,31.93,31.95,30.8,30.65,21126.2,-1.05,-3.3,31.678,31.928,31.718000000000004,17083.05,21385.22,30079.94,3.09,0.19,-64.74,6.17,3.09,-0.03,3362.64,-4.81,,30.98,30.28,30.6
248,30.6,30.98,30.47,30.28,13178.96,-0.33,-1.07,31.444000000000003,31.787,31.734,16790.06,19604.7,29340.67,1.93,0.19,-64.74,6.17,3.09,-0.03,3362.64,-4.81,,31.24,30.47,30.47
249,30.47,31.24,31.15,30.47,14938.48,0.68,2.23,31.232,31.679000000000002,31.771,16414.35,18460.5,28016.67,2.19,0.19,-64.74,6.17,3.09,-0.03,3362.64,-4.81,,31.35,29.32,31.3
250,31.3,31.35,29.45,29.32,31298.94,-1.7,-5.46,30.744,31.373,31.676,19644.24,18363.25,26762.27,4.58,0.19,-64.74,6.17,3.09,-0.03,3362.64,-4.81,,30.06,29.31,29.54
251,29.54,30.06,29.68,29.31,14749.8,0.23,0.78,30.31,31.104,31.576999999999998,19058.48,17708.54,25756.86,2.16,0.19,-64.74,6.17,3.09,-0.03,3362.64,-4.81,,29.88,29.2,29.7
252,29.7,29.88,29.39,29.2,12680.54,-0.29,-0.98,30.028000000000002,30.853,31.500999999999998,17369.34,17226.2,24767.75,1.86,0.19,-64.74,6.17,3.09,-0.03,3362.64,-4.81,,29.79,28.7,29.13
253,29.13,29.79,29.6,28.7,14371.9,0.21,0.71,29.854,30.649,31.408,17607.93,17199.0,24110.34,2.1,0.19,-64.74,6.17,3.09,-0.03,3362.64,-4.81,,29.8,29.41,29.65
254,29.65,29.8,29.68,29.41,9340.33,0.08,0.27,29.56,30.396,31.255,16488.3,16451.33,21471.36,1.37,0.19,-64.74,6.17,3.09,-0.03,3362.64,-4.81,,29.78,29.4,29.78
255,29.78,29.78,29.4,29.4,12285.8,-0.28,-0.94,29.55,30.147,31.111,12685.67,16164.96,20227.4,1.8,0.19,-64.74,6.17,3.09,-0.03,3362.64,-4.81,,32.01,30.27,31.1
256,31.1,32.01,30.44,30.27,50037.64,1.04,3.54,29.701999999999998,30.006,31.041999999999998,19743.24,19400.86,21052.85,7.32,0.19,-64.74,6.17,3.09,-0.03,3362.64,-4.81,,30.55,29.5,29.5
257,29.5,30.55,30.3,29.5,23764.24,-0.14,-0.46,29.884,29.956,30.941999999999997,21959.98,19664.66,20524.94,3.48,0.19,-64.74,6.17,3.09,-0.03,3362.64,-4.81,,31.2,29.72,30.2
258,30.2,31.2,30.78,29.72,29419.48,0.48,1.58,30.12,29.987,30.886999999999997,24969.5,21288.72,20446.71,4.31,0.19,-64.74,6.17,3.09,-0.03,3362.64,-4.81,,31.1,30.6,30.8
259,30.8,31.1,30.87,30.6,19272.49,0.09,0.29,30.358,29.959,30.819000000000003,26955.93,21722.12,20091.31,2.82,0.19,-64.74,6.17,3.09,-0.03,3362.64,-4.81,,31.38,30.61,30.87
260,30.87,31.38,31.16,30.61,18858.79,0.29,0.94,30.71,30.13,30.752,28270.53,20478.1,19420.68,2.76,0.19,-64.74,6.17,3.09,-0.03,3362.64,-4.81,,31.3,30.85,31.2
261,31.2,31.3,30.92,30.85,13636.0,-0.24,-0.77,30.805999999999997,30.254,30.679000000000002,20990.2,20366.72,19037.63,2.0,0.19,-64.74,6.17,3.09,-0.03,3362.64,-4.81,,31.3,30.74,30.88
262,30.88,31.3,31.16,30.74,15180.24,0.24,0.78,30.978,30.430999999999997,30.642,19273.4,20616.69,18921.44,2.22,0.19,-64.74,6.17,3.09,-0.03,3362.64,-4.81,,31.35,30.7,31.16
263,31.16,31.35,31.35,30.7,16349.62,0.19,0.61,31.092,30.605999999999998,30.628,16659.43,20814.46,19006.73,2.39,0.19,-64.74,6.17,3.09,-0.03,3362.64,-4.81,,32.4,31.2,31.25
264,31.25,32.4,31.8,31.2,36378.67,0.45,1.44,31.278000000000002,30.818,30.607,20080.66,23518.3,19984.81,5.33,0.19,-64.74,6.17,3.09,-0.03,3362.64,-4.81,,32.28,31.41,31.53
265,31.53,32.28,31.45,31.41,26900.58,-0.35,-1.1,31.336,31.023000000000003,30.585,21689.02,24979.78,20572.37,3.94,0.25,-57.29,,4.0,,4358.9,10.95,,31.6,30.61,31.45
266,31.45,31.6,30.94,30.61,17360.3,-0.51,-1.62,31.34,31.073,30.54,22433.88,21712.04,20556.45,2.54,0.25,-57.29,,4.0,,4358.9,10.95,,32.42,31.05,31.19
267,31.19,32.42,32.3,31.05,35606.61,1.36,4.4,31.568,31.273000000000003,30.615,26519.16,22896.28,21280.47,5.21,0.25,-57.29,,4.0,,4358.9,10.95,,35.53,32.28,32.3
268,32.3,35.53,34.6,32.28,126237.4,2.3,7.12,32.218,31.655,30.820999999999998,48496.71,32578.07,26933.39,18.48,0.25,-57.29,,4.0,,4358.9,10.95,,34.2,33.03,34.0
269,34.0,34.2,33.3,33.03,68702.99,-1.3,-3.76,32.518,31.898000000000003,30.929000000000002,54961.58,37521.12,29621.62,10.06,0.25,-57.29,,4.0,,4358.9,10.95,,33.8,33.0,33.2
270,33.2,33.8,33.22,33.0,37136.9,-0.08,-0.24,32.872,32.104,31.116999999999997,57008.84,39348.93,29913.52,5.44,0.25,-57.29,,4.0,,4358.9,10.95,,33.76,33.12,33.28
271,33.28,33.76,33.22,33.12,28964.56,0.0,0.0,33.328,32.334,31.294,59329.69,40881.79,30624.25,4.24,0.25,-57.29,,4.0,,4358.9,10.95,,33.4,32.51,33.39
272,33.39,33.4,32.74,32.51,28100.6,-0.48,-1.45,33.416,32.492,31.462,57828.49,42173.82,31395.26,4.11,0.25,-57.29,,4.0,,4358.9,10.95,,33.22,32.28,33.09
273,33.09,33.22,32.84,32.28,20993.0,0.1,0.3,33.064,32.641,31.624000000000002,36779.61,42638.16,31726.31,3.07,0.25,-57.29,,4.0,,4358.9,10.95,,34.75,32.1,32.86
274,32.86,34.75,34.28,32.1,46182.94,1.44,4.38,33.26,32.889,31.854,32275.6,43618.59,33568.44,6.76,0.25,-57.29,,4.0,,4358.9,10.95,,36.38,33.99,33.99
275,33.99,36.38,34.95,33.99,73443.71,0.67,1.95,33.606,33.239000000000004,32.131,39536.96,48272.9,36626.34,10.75,0.25,-57.29,,4.0,,4358.9,10.95,,35.15,34.17,34.98
276,34.98,35.15,34.89,34.17,29701.45,-0.06,-0.17,33.94,33.634,32.354,39684.34,49507.02,35609.53,4.35,0.25,-57.29,,4.0,,4358.9,10.95,,34.98,33.83,34.78
277,34.78,34.98,33.84,33.83,26226.23,-1.05,-3.01,34.16,33.788000000000004,32.531,39309.47,48568.98,35732.63,3.84,0.25,-57.29,,4.0,,4358.9,10.95,,35.99,32.5,33.0
278,33.0,35.99,35.0,32.5,83550.03,1.16,3.43,34.592,33.828,32.742,51820.87,44300.24,38439.16,12.23,0.25,-57.29,,4.0,,4358.9,10.95,,36.69,34.42,35.58
279,35.58,36.69,35.68,34.42,99081.7,0.68,1.94,34.872,34.066,32.982,62400.62,47338.11,42429.62,14.5,0.25,-57.29,,4.0,,4358.9,10.95,,35.31,34.05,35.0
280,35.0,35.31,34.77,34.05,40070.2,-0.91,-2.55,34.836,34.221,33.163000000000004,55725.92,47631.44,43490.19,5.87,0.25,-57.29,,4.0,,4358.9,10.95,,35.79,34.55,34.98
281,34.98,35.79,35.53,34.55,37412.0,0.76,2.19,34.964,34.452,33.393,57268.03,48476.19,44678.99,5.48,0.25,-57.29,,4.0,,4358.9,10.95,,36.48,35.07,35.6
282,35.6,36.48,36.39,35.07,51799.76,0.86,2.42,35.474000000000004,34.817,33.655,62382.74,50846.1,46509.96,7.58,0.25,-57.29,,4.0,,4358.9,10.95,,36.33,35.4,36.18
283,36.18,36.33,35.59,35.4,35686.48,-0.8,-2.2,35.592,35.092,33.867,52810.03,52315.45,47476.81,5.22,0.25,-57.29,,4.0,,4358.9,10.95,,35.96,34.82,35.9
284,35.9,35.96,34.86,34.82,39520.6,-0.73,-2.05,35.428000000000004,35.15,34.02,40897.81,51649.22,47633.9,5.78,0.25,-57.29,,4.0,,4358.9,10.95,,35.49,34.51,34.61
285,34.61,35.49,34.87,34.51,22383.71,0.01,0.03,35.448,35.141999999999996,34.191,37360.51,46543.22,47408.06,3.28,0.25,-57.29,,4.0,,4358.9,10.95,,35.36,34.51,34.8
286,34.8,35.36,34.6,34.51,30919.03,-0.27,-0.77,35.262,35.113,34.374,36061.92,46664.97,48086.0,4.53,0.25,-57.29,,4.0,,4358.9,10.95,,35.0,32.68,34.65
287,34.65,35.0,33.57,32.68,39593.56,-1.03,-2.98,34.698,35.086,34.437,33620.68,48001.71,48285.34,5.8,0.25,-57.29,,4.0,,4358.9,10.95,,33.6,32.72,33.6
288,33.6,33.6,32.83,32.72,21052.88,-0.74,-2.2,34.146,34.869,34.349000000000004,30693.96,41751.99,43026.12,3.08,0.25,-57.29,,4.0,,4358.9,10.95,,33.3,32.8,32.87
289,32.87,33.3,32.86,32.8,13937.76,0.03,0.09,33.746,34.586999999999996,34.327,25577.39,33237.6,40287.86,2.04,0.25,-57.29,,4.0,,4358.9,10.95,,33.28,32.88,33.01
290,33.01,33.28,33.07,32.88,8915.93,0.21,0.64,33.385999999999996,34.417,34.319,22883.83,30122.17,38876.81,1.31,0.25,-57.29,,4.0,,4358.9,10.95,,34.16,33.0,33.47
291,33.47,34.16,34.06,33.0,26016.1,0.99,2.99,33.278,34.27,34.361,21903.25,28982.58,38729.38,3.81,0.25,-57.29,,4.0,,4358.9,10.95,,34.03,33.41,34.03
292,34.03,34.03,33.78,33.41,26452.35,-0.28,-0.82,33.32,34.009,34.413000000000004,19275.0,26447.84,38646.97,3.87,0.25,-57.29,,4.0,,4358.9,10.95,,33.74,32.86,33.74
293,33.74,33.74,33.08,32.86,33069.47,-0.7,-2.07,33.37,33.758,34.425,21678.32,26186.14,39250.79,4.84,0.25,-57.29,,4.0,,4358.9,10.95,,35.45,33.2,33.2
294,33.2,35.45,35.3,33.2,85106.24,2.22,6.71,33.858000000000004,33.802,34.476,35912.02,30744.7,41196.96,12.46,0.25,-57.29,,4.0,,4358.9,10.95,,34.98,34.35,34.92
295,34.92,34.98,34.82,34.35,39728.72,-0.48,-1.36,34.208,33.797,34.47,42074.58,32479.2,39511.21,5.82,0.25,-57.29,,4.0,,4358.9,10.95,,35.27,33.81,34.69
296,34.69,35.27,34.26,33.81,41385.06,-0.56,-1.61,34.248000000000005,33.763000000000005,34.438,45148.37,33525.81,40095.39,6.06,0.25,-57.29,,4.0,,4358.9,10.95,,34.9,34.16,34.26
297,34.26,34.9,34.7,34.16,31678.25,0.44,1.28,34.431999999999995,33.876,34.481,46193.55,32734.28,40367.99,4.64,0.25,-57.29,,4.0,,4358.9,10.95,,34.85,33.92,34.76
298,34.76,34.85,34.2,33.92,34557.51,-0.5,-1.44,34.656,34.013000000000005,34.441,46491.16,34084.74,37918.37,5.06,0.25,-57.29,,4.0,,4358.9,10.95,,34.4,33.56,34.23
299,34.23,34.4,33.83,33.56,31295.0,-0.37,-1.08,34.361999999999995,34.11,34.349000000000004,35728.91,35820.46,34529.03,4.58,0.25,-57.29,,4.0,,4358.9,10.95,,34.3,32.87,33.7
300,33.7,34.3,33.25,32.87,31429.0,-0.58,-1.71,34.048,34.128,34.273,34068.96,38071.77,34096.97,4.6,0.25,-57.29,,4.0,,4358.9,10.95,,33.65,32.81,32.9
301,32.9,33.65,33.3,32.81,31790.26,0.05,0.15,33.856,34.052,34.161,32150.0,38649.19,33815.88,4.65,0.25,-57.29,,4.0,,4358.9,10.95,,33.47,33.01,33.21
302,33.21,33.47,33.41,33.01,22834.72,0.11,0.33,33.598,34.015,34.012,30381.3,38287.42,32367.63,3.34,0.25,-57.29,,4.0,,4358.9,10.95,,33.51,32.83,33.49
303,33.49,33.51,32.94,32.83,24361.69,-0.47,-1.41,33.346,34.001,33.88,28342.13,37416.64,31801.39,3.57,0.39,14.71,,6.32,,6953.38,33.24,,33.29,32.6,32.88
304,32.88,33.29,33.25,32.6,22647.83,0.31,0.94,33.23,33.796,33.799,26612.7,31170.8,30957.75,3.32,0.39,14.71,,6.32,,6953.38,33.24,,33.19,32.06,33.19
305,33.19,33.19,32.2,32.06,30497.4,-1.05,-3.16,33.02,33.534,33.666,26426.38,30247.67,31363.44,4.46,0.39,14.71,,6.32,,6953.38,33.24,,32.9,32.28,32.88
306,32.88,32.9,32.4,32.28,21481.27,-0.6,-1.82,32.84,33.348,33.556,24364.58,28257.29,30891.55,3.14,0.39,14.71,,6.32,,6953.38,33.24,,32.73,32.14,32.14
307,32.14,32.73,32.51,32.14,23433.86,0.11,0.34,32.66,33.129,33.503,24484.41,27432.85,30083.57,3.43,0.39,14.71,,6.32,,6953.38,33.24,,32.61,32.26,32.4
308,32.4,32.61,32.42,32.26,13593.9,-0.09,-0.28,32.556,32.951,33.482,22330.85,25336.49,29710.62,1.99,0.39,14.71,,6.32,,6953.38,33.24,,33.1,32.4,32.42
309,32.42,33.1,32.92,32.4,23109.39,0.5,1.54,32.49,32.86,33.485,22423.16,24517.93,30169.2,3.38,0.39,14.71,,6.32,,6953.38,33.24,,33.25,32.73,32.95
310,32.95,33.25,32.97,32.73,18828.53,0.05,0.15,32.644,32.832,33.48,20089.39,23257.89,30664.83,2.76,0.39,14.71,,6.32,,6953.38,33.24,,33.12,32.01,33.0
311,33.0,33.12,32.52,32.01,22113.27,-0.45,-1.36,32.668,32.754,33.403,20215.79,22290.19,30469.69,3.24,0.39,14.71,,6.32,,6953.38,33.24,,33.2,32.78,33.13
312,33.13,33.2,33.1,32.78,19539.96,0.58,1.78,32.786,32.723,33.369,19437.01,21960.71,30124.07,2.86,0.39,14.71,,6.32,,6953.38,33.24,,33.9,33.0,33.0
313,33.0,33.9,33.6,33.0,26839.57,0.5,1.51,33.022,32.789,33.395,22086.14,22208.5,29812.57,3.93,0.39,14.71,,6.32,,6953.38,33.24,,33.98,33.2,33.57
314,33.57,33.98,33.38,33.2,24838.19,-0.22,-0.66,33.114000000000004,32.802,33.299,22431.9,22427.53,26799.17,3.64,0.39,14.71,,6.32,,6953.38,33.24,,33.75,33.14,33.3
315,33.3,33.75,33.72,33.14,20096.04,0.34,1.02,33.264,32.954,33.244,22685.41,21387.4,25817.54,2.94,0.39,14.71,,6.32,,6953.38,33.24,,34.3,33.73,33.8
316,33.8,34.3,33.91,33.73,35041.83,0.19,0.56,33.542,33.105,33.227,25271.12,22743.45,25500.37,5.13,0.39,14.71,,6.32,,6953.38,33.24,,34.06,33.18,34.0
317,34.0,34.06,33.26,33.18,19617.08,-0.65,-1.92,33.574,33.18,33.155,25286.54,22361.78,24897.32,2.87,0.39,14.71,,6.32,,6953.38,33.24,,33.89,33.35,33.49
318,33.49,33.89,33.5,33.35,20311.01,0.24,0.72,33.554,33.288000000000004,33.12,23980.83,23033.49,24184.99,2.97,0.39,14.71,,6.32,,6953.38,33.24,,34.54,33.34,33.43
319,33.43,34.54,34.39,33.34,41545.46,0.89,2.66,33.756,33.435,33.148,27322.28,24877.09,24697.51,6.08,0.39,14.71,,6.32,,6953.38,33.24,,34.83,34.04,34.25
320,34.25,34.83,34.35,34.04,32941.72,-0.04,-0.12,33.882,33.573,33.203,29891.42,26288.41,24773.15,4.82,0.39,14.71,,6.32,,6953.38,33.24,,35.13,34.04,34.38
321,34.38,35.13,34.16,34.04,36533.42,-0.19,-0.55,33.931999999999995,33.736999999999995,33.246,30189.74,27730.43,25010.31,5.35,0.39,14.71,,6.32,,6953.38,33.24,,34.3,33.37,33.78
322,33.78,34.3,33.42,33.37,28891.73,-0.74,-2.17,33.964,33.769,33.246,32044.67,28665.61,25313.16,4.23,0.39,14.71,,6.32,,6953.38,33.24,,33.89,32.53,33.44
323,33.44,33.89,33.89,32.53,28948.61,0.47,1.41,34.042,33.798,33.294000000000004,33772.19,28876.51,25542.5,4.24,0.39,14.71,,6.32,,6953.38,33.24,,34.14,33.36,33.75
324,33.75,34.14,33.46,33.36,20246.9,-0.43,-1.27,33.856,33.806,33.304,29512.48,28417.38,25422.46,2.96,0.39,14.71,,6.32,,6953.38,33.24,,33.58,32.6,33.58
325,33.58,33.58,32.6,32.6,21370.49,-0.86,-2.57,33.506,33.694,33.324,27198.23,28544.83,24966.11,3.13,0.39,14.71,,6.32,,6953.38,33.24,,33.5,32.33,32.4
326,32.4,33.5,32.8,32.33,18781.31,0.2,0.61,33.234,33.583,33.344,23647.81,26918.77,24831.11,2.75,0.39,14.71,,6.32,,6953.38,33.24,,32.95,32.0,32.79
327,32.79,32.95,32.15,32.0,23077.93,-0.65,-1.98,32.98,33.472,33.326,22485.05,27264.86,24813.32,3.38,0.39,14.71,,6.32,,6953.38,33.24,,32.39,30.88,32.25
328,32.25,32.39,30.89,30.88,25802.34,-1.26,-3.92,32.38,33.211,33.25,21855.79,27813.99,25423.74,3.78,0.39,14.71,,6.32,,6953.38,33.24,,31.2,30.65,30.92
329,30.92,31.2,30.97,30.65,13298.27,0.08,0.26,31.881999999999998,32.869,33.152,20466.07,24989.27,24933.18,1.87,0.39,14.71,,6.32,,6953.38,33.24,,31.12,30.93,30.97
330,30.97,31.12,31.0,30.93,10976.62,0.03,0.1,31.561999999999998,32.534,33.054,18387.29,22792.76,24540.59,1.54,0.39,14.71,,6.32,,6953.38,33.24,,31.85,30.9,31.05
331,31.05,31.85,31.7,30.9,16263.24,0.7,2.26,31.342,32.288000000000004,33.013000000000005,17883.68,20765.74,24248.09,2.28,0.39,14.71,,6.32,,6953.38,33.24,,31.78,30.8,31.76
332,31.76,31.78,30.83,30.8,13363.26,-0.87,-2.74,31.078000000000003,32.029,32.899,15940.75,19212.9,23939.25,1.88,0.39,14.71,,6.32,,6953.38,33.24,,31.48,30.8,30.93
333,30.93,31.48,31.26,30.8,12380.8,0.43,1.4,31.151999999999997,31.766,32.782,13256.44,17556.12,23216.31,1.74,0.39,14.71,,6.32,,6953.38,33.24,,31.86,30.1,31.27
334,31.27,31.86,30.32,30.1,26437.61,-0.94,-3.01,31.022,31.451999999999998,32.629,15884.31,18175.19,23296.28,3.71,0.39,14.71,,6.32,,6953.38,33.24,,31.43,30.01,30.25
335,30.25,31.43,31.13,30.01,16599.27,0.81,2.67,31.048000000000002,31.305,32.5,17008.84,17698.06,23121.45,2.33,0.39,14.71,,6.32,,6953.38,33.24,,31.29,30.5,31.11
336,31.11,31.29,31.01,30.5,10458.55,-0.12,-0.39,30.91,31.125999999999998,32.355,15847.9,16865.79,21892.28,1.47,0.39,14.71,,6.32,,6953.38,33.24,,31.46,30.58,31.46
337,31.46,31.46,30.88,30.58,15694.47,-0.13,-0.42,30.92,30.999000000000002,32.236,16314.14,16127.44,21696.15,2.2,0.39,14.71,,6.32,,6953.38,33.24,,31.2,30.5,30.94
338,30.94,31.2,30.83,30.5,13538.55,-0.05,-0.16,30.834,30.993000000000002,32.102,16545.69,14901.06,21357.53,1.9,0.39,14.71,,6.32,,6953.38,33.24,,30.98,30.52,30.75
339,30.75,30.98,30.9,30.52,9027.49,0.07,0.23,30.95,30.986,31.928,13063.67,14473.99,19731.63,1.27,0.39,14.71,,6.32,,6953.38,33.24,,32.6,31.12,32.3
340,32.3,32.6,31.18,31.12,49818.0,0.28,0.91,30.96,31.004,31.769000000000002,19707.41,18358.12,20575.44,7.0,0.39,14.71,,6.32,,6953.38,33.24,,31.54,30.9,31.11
341,31.11,31.54,31.15,30.9,16634.99,-0.03,-0.1,30.988000000000003,30.949,31.619,20942.7,18395.3,19580.52,2.34,0.39,14.71,,6.32,,6953.38,33.24,,31.3,30.6,31.05
342,31.05,31.3,30.7,30.6,16788.16,-0.45,-1.45,30.951999999999998,30.936,31.483,21161.44,18737.79,18975.34,2.36,0.39,14.71,,6.32,,6953.38,33.24,,31.0,30.11,30.6
343,30.6,31.0,30.38,30.11,16246.0,-0.32,-1.04,30.862,30.848000000000003,31.307,21702.93,19124.31,18340.21,2.28,0.39,14.71,,6.32,,6953.38,33.24,,30.73,30.45,30.47
344,30.47,30.73,30.64,30.45,10473.89,0.26,0.86,30.81,30.88,31.166,21992.21,17527.94,17851.56,1.47,0.39,14.71,,6.32,,6953.38,33.24,,31.14,30.44,30.64
345,30.64,31.14,30.97,30.44,10098.92,0.33,1.08,30.768,30.864,31.085,14048.39,16877.9,17287.98,1.42,0.39,14.71,,6.32,,6953.38,33.24,,31.05,30.6,30.97
346,30.97,31.05,30.67,30.6,6782.6,-0.3,-0.97,30.671999999999997,30.83,30.978,12077.91,16510.31,16688.05,0.95,0.39,14.71,,6.32,,6953.38,33.24,,31.0,30.28,30.69
347,30.69,31.0,30.56,30.28,10617.5,-0.11,-0.36,30.644000000000002,30.798000000000002,30.899,10843.78,16002.61,16065.03,1.49,0.39,14.71,,6.32,,6953.38,33.24,,31.11,30.3,30.37
348,30.37,31.11,31.0,30.3,11325.87,0.44,1.44,30.768,30.815,30.904,9859.76,15781.34,15341.2,1.59,0.39,14.71,,6.32,,6953.38,33.24,,31.35,30.6,31.0
349,31.0,31.35,30.77,30.6,6086.29,-0.23,-0.74,30.794,30.802,30.894000000000002,8982.24,15487.22,14980.6,0.85,0.39,14.71,,6.32,,6953.38,33.24,,30.92,30.32,30.81
350,30.81,30.92,30.36,30.32,7249.67,-0.41,-1.33,30.671999999999997,30.72,30.862,8412.39,11230.39,14794.26,1.02,0.39,14.71,,6.32,,6953.38,33.24,,30.6,27.9,30.31
351,30.31,30.6,27.9,27.9,35354.68,-2.46,-8.1,30.118000000000002,30.395,30.671999999999997,14126.8,13102.36,15748.83,4.97,0.39,14.71,,6.32,,6953.38,33.24,,27.86,26.38,27.85
352,27.85,27.86,26.57,26.38,25613.07,-1.33,-4.77,29.32,29.982,30.459,17125.92,13984.85,16361.32,3.6,0.39,14.71,,6.32,,6953.38,33.24,,26.83,24.5,26.65
353,26.65,26.83,25.64,24.5,17356.2,-0.93,-3.5,28.248,29.508000000000003,30.178,18331.98,14095.87,16610.09,2.44,0.39,14.71,,6.32,,6953.38,33.24,,26.3,25.15,25.9
354,25.9,26.3,25.96,25.15,11917.05,0.32,1.25,27.285999999999998,29.04,29.96,19498.13,14240.19,15884.06,1.56,0.39,14.71,,6.32,,6953.38,33.24,,26.29,25.4,26.0
355,26.0,26.29,25.55,25.4,7361.22,-0.41,-1.58,26.324,28.498,29.680999999999997,19520.44,13966.42,15422.16,0.96,0.39,14.71,,6.32,,6953.38,33.24,,25.65,24.89,25.25
356,25.25,25.65,25.22,24.89,9223.2,-0.33,-1.29,25.788,27.953000000000003,29.392,14294.15,14210.47,15360.39,1.2,0.39,14.71,,6.32,,6953.38,33.24,,25.89,25.02,25.2
357,25.2,25.89,25.68,25.02,8257.2,0.46,1.82,25.61,27.465,29.131999999999998,10822.97,13974.44,14988.53,1.08,0.39,14.71,,6.32,,6953.38,33.24,,27.0,25.76,25.84
358,25.84,27.0,26.46,25.76,17059.57,0.78,3.04,25.774,27.011,28.913,10763.65,14547.82,15164.58,2.23,0.39,14.71,,6.32,,6953.38,33.24,,26.7,25.82,26.7
359,26.7,26.7,25.86,25.82,8675.48,-0.6,-2.27,25.754,26.52,28.660999999999998,10115.33,14806.73,15146.98,1.13,0.39,14.71,,6.32,,6953.38,33.24,,26.3,25.8,25.8
360,25.8,26.3,25.98,25.8,7808.83,0.12,0.46,25.84,26.081999999999997,28.401,10204.86,14862.65,13046.52,1.02,0.39,14.71,,6.32,,6953.38,33.24,,26.25,25.99,25.99
361,25.99,26.25,26.25,25.99,5151.02,0.27,1.04,26.046,25.916999999999998,28.156,9390.42,11842.28,12472.32,0.67,0.39,14.71,,6.32,,6953.38,33.24,,26.31,25.7,26.31
362,26.31,26.31,25.72,25.7,5490.73,-0.53,-2.02,26.054000000000002,25.831999999999997,27.906999999999996,8837.13,9830.05,11907.45,0.72,0.39,14.71,,6.32,,6953.38,33.24,,26.46,25.63,25.72
363,25.72,26.46,26.46,25.63,8860.23,0.74,2.88,26.054000000000002,25.914,27.711,7197.26,8980.45,11538.16,1.16,0.39,14.71,,6.32,,6953.38,33.24,,26.95,26.23,26.43
364,26.43,26.95,26.53,26.23,11165.9,0.07,0.27,26.188000000000002,25.971,27.506,7695.34,8905.34,11572.76,1.46,0.39,14.71,,6.32,,6953.38,33.24,,26.97,26.25,26.3
365,26.3,26.97,26.9,26.25,9220.25,0.37,1.4,26.372,26.105999999999998,27.302,7977.63,9091.24,11528.83,1.2,0.39,14.71,,6.32,,6953.38,33.24,,27.42,26.7,27.01
366,27.01,27.42,27.05,26.7,13186.69,0.15,0.56,26.531999999999996,26.289,27.121,9584.76,9487.59,11849.03,1.72,0.39,14.71,,6.32,,6953.38,33.24,,27.18,26.74,27.1
367,27.1,27.18,26.88,26.74,9229.89,-0.17,-0.63,26.764,26.409000000000002,26.936999999999998,10332.59,9584.86,11779.65,1.2,0.39,14.71,,6.32,,6953.38,33.24,,27.28,26.51,26.87
368,26.87,27.28,27.28,26.51,15118.63,0.4,1.49,26.928,26.491,26.750999999999998,11584.27,9390.77,11969.29,1.97,0.39,14.71,,6.32,,6953.38,33.24,,27.34,26.88,27.26
369,27.26,27.34,27.0,26.88,10586.12,-0.28,-1.03,27.022,26.605,26.563000000000002,11468.32,9581.83,12194.28,1.38,0.39,14.71,,6.32,,6953.38,33.24,,27.2,26.63,27.0
370,27.0,27.2,26.7,26.63,9995.89,-0.3,-1.11,26.982,26.677,26.38,11623.44,9800.54,12331.59,1.3,0.39,14.71,,6.32,,6953.38,33.24,,26.85,26.45,26.69
371,26.69,26.85,26.52,26.45,10184.98,-0.18,-0.67,26.875999999999998,26.704,26.311,11023.1,10303.93,11073.11,1.33,0.39,14.71,,6.32,,6953.38,33.24,,27.35,26.43,26.74
372,26.74,27.35,26.62,26.43,10838.94,0.1,0.38,26.824,26.794,26.313000000000002,11344.91,10838.75,10334.4,1.41,0.39,14.71,,6.32,,6953.38,33.24,,26.76,26.3,26.62
373,26.62,26.76,26.65,26.3,14554.41,0.03,0.11,26.698,26.813000000000002,26.364,11232.07,11408.17,10194.31,1.9,0.39,14.71,,6.32,,6953.38,33.24,,27.09,26.49,26.64
374,26.64,27.09,26.94,26.49,14119.57,0.29,1.09,26.686,26.854,26.413,11938.76,11703.54,10304.44,1.84,0.39,14.71,,6.32,,6953.38,33.24,,27.23,26.6,26.8
375,26.8,27.23,27.23,26.6,15797.87,0.29,1.08,26.791999999999998,26.886999999999997,26.497,13099.15,12361.3,10726.27,2.06,0.39,14.71,,6.32,,6953.38,33.24,,27.31,27.0,27.25
376,27.25,27.31,27.28,27.0,11946.96,0.05,0.18,26.944000000000003,26.91,26.6,13451.55,12237.33,10862.46,1.56,0.39,14.71,,6.32,,6953.38,33.24,,27.53,27.05,27.18
377,27.18,27.53,27.4,27.05,17978.28,0.12,0.44,27.1,26.962,26.686,14879.42,13112.17,11348.51,2.35,0.39,14.71,,6.32,,6953.38,33.24,,27.88,27.18,27.51
378,27.51,27.88,27.54,27.18,17550.81,0.14,0.51,27.278000000000002,26.988000000000003,26.74,15478.7,13355.38,11373.07,2.29,0.39,14.71,,6.32,,6953.38,33.24,,27.83,27.42,27.49
379,27.49,27.83,27.74,27.42,12623.0,0.2,0.73,27.438000000000002,27.061999999999998,26.834,15179.38,13559.07,11570.45,1.65,0.39,14.71,,6.32,,6953.38,33.24,,28.62,27.66,27.74
380,27.74,28.62,28.25,27.66,25789.72,0.51,1.84,27.642,27.217,26.947,17177.75,15138.45,12469.49,3.37,0.39,14.71,,6.32,,6953.38,33.24,,28.49,27.81,28.38
381,28.38,28.49,27.89,27.81,15035.24,-0.36,-1.27,27.764,27.354,27.029,17795.41,15623.48,12963.71,1.96,0.39,14.71,,6.32,,6953.38,33.24,,28.4,27.68,27.78
382,27.78,28.4,28.28,27.68,13778.42,0.39,1.4,27.94,27.52,27.156999999999996,16955.44,15917.43,13378.09,1.8,0.39,14.71,,6.32,,6953.38,33.24,,28.55,28.12,28.27
383,28.27,28.55,28.4,28.12,13834.6,0.12,0.42,28.112,27.695,27.254,16212.2,15845.45,13626.81,1.81,0.39,14.71,,6.32,,6953.38,33.24,,28.55,28.03,28.41
384,28.41,28.55,28.39,28.03,14967.31,-0.01,-0.04,28.241999999999997,27.84,27.346999999999998,16681.06,15930.22,13816.88,1.95,0.39,14.71,,6.32,,6953.38,33.24,,28.38,27.78,28.26
385,28.26,28.38,27.84,27.78,13644.38,-0.55,-1.94,28.16,27.901,27.394000000000002,14251.99,15714.87,14038.09,1.78,0.39,14.71,,6.32,,6953.38,33.24,,28.11,27.6,27.99
386,27.99,28.11,27.63,27.6,10393.99,-0.21,-0.75,28.108,27.936,27.423000000000002,13323.74,15559.58,13898.45,1.36,0.39,14.71,,6.32,,6953.38,33.24,,28.18,27.65,27.67
387,27.67,28.18,27.9,27.65,12401.81,0.27,0.98,28.031999999999996,27.986,27.474,13048.42,15001.93,14057.05,1.62,0.39,14.71,,6.32,,6953.38,33.24,,28.1,27.7,27.89
388,27.89,28.1,28.1,27.7,11914.92,0.2,0.72,27.971999999999998,28.041999999999998,27.515,12664.48,14438.34,13896.86,1.55,0.39,14.71,,6.32,,6953.38,33.24,,28.24,28.01,28.01
389,28.01,28.24,28.15,28.01,10808.87,0.05,0.18,27.924,28.083000000000002,27.573,11832.79,14256.93,13908.0,1.41,0.39,14.71,,6.32,,6953.38,33.24,,28.39,28.03,28.2
390,28.2,28.39,28.35,28.03,14269.06,0.2,0.71,28.026,28.093000000000004,27.655,11957.73,13104.86,14121.66,1.86,0.39,14.71,,6.32,,6953.38,33.24,,28.7,28.31,28.39
391,28.39,28.7,28.63,28.31,16310.52,0.28,0.99,28.226,28.166999999999998,27.761,13141.04,13232.39,14427.93,2.13,0.39,14.71,,6.32,,6953.38,33.24,,28.73,27.52,28.65
392,28.65,28.73,27.64,27.52,22704.14,-0.99,-3.46,28.174,28.103,27.811999999999998,15201.5,14124.96,15021.19,2.96,0.39,14.71,,6.32,,6953.38,33.24,,28.09,27.51,27.6
393,27.6,28.09,27.98,27.51,11894.3,0.34,1.23,28.15,28.061,27.878,15197.38,13930.93,14888.19,1.55,0.39,14.71,,6.32,,6953.38,33.24,,28.13,27.97,28.11
394,28.11,28.13,28.11,27.97,9139.61,0.13,0.47,28.142,28.033,27.936999999999998,14863.53,13348.16,14639.19,1.19,0.39,14.71,,6.32,,6953.38,33.24,,28.09,27.55,28.0
395,28.0,28.09,27.73,27.55,9215.79,-0.38,-1.35,28.018,28.022,27.962,13852.87,12905.3,14310.09,1.2,0.39,14.71,,6.32,,6953.38,33.24,,27.95,27.33,27.62
396,27.62,27.95,27.73,27.33,11112.1,0.0,0.0,27.838,28.031999999999996,27.984,12813.19,12977.11,14268.34,1.45,0.39,14.71,,6.32,,6953.38,33.24,,27.79,27.12,27.59
397,27.59,27.79,27.25,27.12,13497.23,-0.48,-1.73,27.76,27.967,27.976999999999997,10971.81,13086.65,14044.29,1.76,0.39,14.71,,6.32,,6953.38,33.24,,27.29,26.8,27.29
398,27.29,27.29,26.83,26.8,11346.77,-0.42,-1.54,27.53,27.84,27.941,10862.3,13029.84,13734.09,1.48,0.39,14.71,,6.32,,6953.38,33.24,,27.18,26.71,26.83
399,26.83,27.18,26.99,26.71,7394.55,0.16,0.6,27.305999999999997,27.724,27.904,10513.29,12688.41,13472.67,0.96,0.39,14.71,,6.32,,6953.38,33.24,,27.01,26.51,26.86
400,26.86,27.01,26.52,26.51,9723.57,-0.47,-1.74,27.064,27.541,27.816999999999997,10614.84,12233.86,12669.36,1.27,0.39,14.71,,6.32,,6953.38,33.24,,26.52,25.4,26.52
401,26.52,26.52,25.59,25.4,18788.92,-0.93,-3.51,26.636,27.237,27.701999999999998,12150.21,12481.7,12857.04,2.45,0.39,14.71,,6.32,,6953.38,33.24,,26.06,25.59,25.69
402,25.69,26.06,25.74,25.59,9384.79,0.15,0.59,26.334,27.046999999999997,27.575,11327.72,11149.76,12637.36,1.22,0.39,14.71,,6.32,,6953.38,33.24,,26.93,25.7,26.16
403,26.16,26.93,26.87,25.7,22628.65,1.13,4.39,26.342,26.936,27.499000000000002,13584.1,12223.2,13077.06,2.95,0.39,14.71,,6.32,,6953.38,33.24,,27.15,26.6,27.14
404,27.14,27.15,26.69,26.6,29630.28,-0.18,-0.67,26.281999999999996,26.794,27.414,18031.24,14272.27,13810.21,3.87,0.39,14.71,,6.32,,6953.38,33.24,,29.35,26.31,26.65
405,26.65,29.35,28.39,26.31,59418.92,1.7,6.37,26.656,26.86,27.441,27970.31,19292.58,16098.94,7.75,0.39,14.71,,6.32,,6953.38,33.24,,29.88,27.93,28.15
406,28.15,29.88,29.15,27.93,75726.78,0.76,2.68,27.368000000000002,27.002,27.517,39357.88,25754.05,19365.58,9.88,0.39,14.71,,6.32,,6953.38,33.24,,29.7,28.43,29.68
407,29.68,29.7,29.2,28.43,49344.67,0.05,0.17,28.06,27.197,27.581999999999997,47349.86,29338.79,21212.72,6.44,-0.0,-110.09,,-0.05,,-64.59,-110.54,,29.3,27.15,29.22
408,29.22,29.3,27.3,27.15,61302.43,-1.9,-6.51,28.146,27.244,27.541999999999998,55084.62,34334.36,23682.1,8.0,-0.0,-110.09,,-0.05,,-64.59,-110.54,,28.6,26.85,27.28
409,27.28,28.6,27.8,26.85,38691.28,0.5,1.83,28.368000000000002,27.325,27.525,56896.82,37464.03,25076.22,5.05,-0.0,-110.09,,-0.05,,-64.59,-110.54,,28.0,27.21,27.6
410,27.6,28.0,27.23,27.21,25100.07,-0.57,-2.05,28.136,27.396,27.469,50033.05,39001.68,25617.77,3.28,-0.0,-110.09,,-0.05,,-64.59,-110.54,,27.0,25.96,27.0
411,27.0,27.0,25.96,25.96,31459.81,-1.27,-4.66,27.498,27.433000000000003,27.335,41179.65,40268.77,26375.23,4.11,-0.0,-110.09,,-0.05,,-64.59,-110.54,,26.3,24.59,25.98
412,25.98,26.3,25.01,24.59,34833.95,-0.95,-3.66,26.66,27.36,27.204,38277.51,42813.68,26981.72,4.55,-0.0,-110.09,,-0.05,,-64.59,-110.54,,26.2,24.52,25.01
413,25.01,26.2,26.2,24.52,31536.56,1.19,4.76,26.44,27.293000000000003,27.115,32324.33,43704.47,27963.84,4.12,-0.0,-110.09,,-0.05,,-64.59,-110.54,,28.82,26.61,28.82
414,28.82,28.82,26.92,26.61,74684.9,0.72,2.75,26.264,27.316,27.055,39523.06,48209.94,31241.1,9.75,-0.0,-110.09,,-0.05,,-64.59,-110.54,,26.96,25.52,26.0
415,26.0,26.96,25.84,25.52,47498.91,-1.08,-4.01,25.986,27.061,26.961,44002.83,47017.94,33155.26,6.2,-0.0,-110.09,,-0.05,,-64.59,-110.54,,25.85,25.01,25.5
416,25.5,25.85,25.03,25.01,21720.43,-0.81,-3.13,25.8,26.649,26.826,42054.95,41617.3,33685.67,2.83,-0.0,-110.09,,-0.05,,-64.59,-110.54,,25.8,24.61,25.13
417,25.13,25.8,24.99,24.61,21322.64,-0.04,-0.16,25.796,26.228,26.713,39352.69,38815.1,34076.94,2.78,-0.0,-110.09,,-0.05,,-64.59,-110.54,,25.38,24.6,24.65
418,24.65,25.38,25.26,24.6,22605.68,0.27,1.08,25.608,26.024,26.634,37566.51,34945.42,34639.89,2.95,0.1,-46.95,,2.62,,3759.61,11.81,,25.77,24.71,24.98
419,24.98,25.77,25.5,24.71,27047.93,0.24,0.95,25.324,25.794,26.56,28039.12,33781.09,35622.56,3.53,0.1,-46.95,,2.62,,3759.61,11.81,,26.1,25.35,25.5
420,25.5,26.1,25.63,25.35,19570.52,0.13,0.51,25.281999999999996,25.634,26.515,22453.44,33228.13,36114.91,2.55,0.1,-46.95,,2.62,,3759.61,11.81,,25.79,25.41,25.64
421,25.64,25.79,25.73,25.41,17443.7,0.1,0.39,25.421999999999997,25.611,26.522,21598.09,31826.52,36047.65,2.28,0.1,-46.95,,2.62,,3759.61,11.81,,25.75,25.14,25.71
422,25.71,25.75,25.38,25.14,16999.23,-0.35,-1.36,25.5,25.648000000000003,26.504,20733.41,30043.05,36428.37,2.22,0.1,-46.95,,2.62,,3759.61,11.81,,26.2,24.78,25.2
423,25.2,26.2,25.75,24.78,23821.48,0.37,1.46,25.598000000000003,25.603,26.448,20976.57,29271.54,36488.01,3.11,0.1,-46.95,,2.62,,3759.61,11.81,,26.04,25.3,25.53
424,25.53,26.04,25.85,25.3,15685.58,0.1,0.39,25.668000000000003,25.496,26.406,18704.1,23371.61,35790.77,2.05,0.1,-46.95,,2.62,,3759.61,11.81,,25.99,24.52,25.99
425,25.99,25.99,24.58,24.52,20276.36,-1.27,-4.91,25.458000000000002,25.37,26.215999999999998,18845.27,20649.36,33833.65,2.65,0.1,-46.95,,2.62,,3759.61,11.81,,24.35,23.02,24.25
426,24.25,24.35,23.47,23.02,36444.98,-1.11,-4.52,25.006,25.214000000000002,25.932,22645.53,22121.81,31869.56,4.76,0.1,-46.95,,2.62,,3759.61,11.81,,23.6,22.7,23.33
427,23.33,23.6,22.7,22.7,22527.4,-0.77,-3.28,24.47,24.985,25.607,23751.16,22242.29,30528.69,2.94,0.1,-46.95,,2.62,,3759.61,11.81,,22.58,21.61,22.52
428,22.52,22.58,22.39,21.61,20551.09,-0.31,-1.37,23.798000000000002,24.698,25.361,23097.08,22036.83,28491.13,2.68,0.1,-46.95,,2.62,,3759.61,11.81,,22.93,22.11,22.35
429,22.35,22.93,22.85,22.11,11523.23,0.46,2.05,23.198,24.433000000000003,25.114,22264.61,20484.36,27132.72,1.5,0.1,-46.95,,2.62,,3759.61,11.81,,22.84,22.0,22.67
430,22.67,22.84,22.29,22.0,10221.2,-0.56,-2.45,22.74,24.099,24.866999999999997,20253.58,19549.43,26388.78,1.33,0.1,-46.95,,2.62,,3759.61,11.81,,24.52,22.02,22.22
431,22.22,24.52,23.52,22.02,27121.81,1.23,5.52,22.75,23.878,24.745,18388.95,20517.24,26171.88,3.54,0.1,-46.95,,2.62,,3759.61,11.81,,24.35,23.4,23.5
432,23.5,24.35,23.91,23.4,22695.2,0.39,1.66,22.991999999999997,23.730999999999998,24.69,18422.51,21086.83,25564.94,2.96,0.1,-46.95,,2.62,,3759.61,11.81,,24.44,23.5,23.53
433,23.53,24.44,23.69,23.5,17094.89,-0.22,-0.92,23.252,23.525,24.564,17731.27,20414.17,24842.86,2.23,0.1,-46.95,,2.62,,3759.61,11.81,,23.96,23.4,23.9
434,23.9,23.96,23.58,23.4,10706.98,-0.11,-0.46,23.398000000000003,23.298000000000002,24.397,17568.02,19916.31,21643.96,1.4,0.1,-46.95,,2.62,,3759.61,11.81,,23.67,22.51,23.53
435,23.53,23.67,22.51,22.51,12992.0,-1.07,-4.54,23.441999999999997,23.090999999999998,24.230999999999998,18122.18,19187.88,19918.62,1.7,0.1,-46.95,,2.62,,3759.61,11.81,,22.8,21.67,22.53
436,22.53,22.8,21.67,21.67,15852.82,-0.84,-3.73,23.072,22.910999999999998,24.063000000000002,15868.38,17128.66,19625.24,2.07,0.1,-46.95,,2.62,,3759.61,11.81,,21.99,21.23,21.68
437,21.68,21.99,21.88,21.23,15352.69,0.21,0.97,22.666,22.829,23.906999999999996,14399.88,16411.19,19326.74,2.0,0.1,-46.95,,2.62,,3759.61,11.81,,22.03,21.32,21.7
438,21.7,22.03,21.89,21.32,12717.89,0.01,0.05,22.305999999999997,22.779,23.739,13524.48,15627.87,18832.35,1.66,0.1,-46.95,,2.62,,3759.61,11.81,,22.58,21.88,21.89
439,21.89,22.58,22.09,21.88,14537.29,0.2,0.91,22.008000000000003,22.703000000000003,23.568,14290.54,15929.28,18206.82,1.9,0.1,-46.95,,2.62,,3759.61,11.81,,22.98,22.06,22.3
440,22.3,22.98,22.19,22.06,14365.66,0.1,0.45,21.944000000000003,22.693,23.396,14565.27,16343.72,17946.57,1.87,0.1,-46.95,,2.62,,3759.61,11.81,,22.19,20.96,22.18
441,22.18,22.19,21.1,20.96,16524.01,-1.09,-4.91,21.83,22.451,23.165,14699.51,15283.94,17900.59,2.16,0.1,-46.95,,2.62,,3759.61,11.81,,21.49,20.55,20.92
442,20.92,21.49,21.35,20.55,11931.15,0.25,1.19,21.724,22.195,22.963,14015.2,14207.54,17647.19,1.56,0.1,-46.95,,2.62,,3759.61,11.81,,21.7,21.22,21.36
443,21.36,21.7,21.47,21.22,9136.2,0.12,0.56,21.64,21.973000000000003,22.749000000000002,13298.86,13411.67,16912.92,1.19,0.1,-46.95,,2.62,,3759.61,11.81,,21.75,21.32,21.55
444,21.55,21.75,21.7,21.32,7773.33,0.23,1.07,21.561999999999998,21.785,22.541999999999998,11946.07,13118.3,16517.31,1.01,0.1,-46.95,,2.62,,3759.61,11.81,,22.63,21.51,21.66
445,21.66,22.63,22.49,21.51,21108.98,0.79,3.64,21.622,21.783,22.436999999999998,13294.73,13930.0,16558.94,2.75,0.1,-46.95,,2.62,,3759.61,11.81,,23.49,22.41,22.41
446,22.41,23.49,23.1,22.41,30635.37,0.61,2.71,22.022,21.926,22.419,16117.01,15408.26,16268.46,4.0,0.1,-46.95,,2.62,,3759.61,11.81,,23.56,22.7,23.06
447,23.06,23.56,23.38,22.7,21157.09,0.28,1.21,22.428,22.076,22.453000000000003,17962.19,15988.7,16199.94,2.76,0.1,-46.95,,2.62,,3759.61,11.81,,23.0,22.2,23.0
448,23.0,23.0,22.36,22.2,18467.0,-1.02,-4.36,22.605999999999998,22.123,22.451,19828.35,16563.61,16095.74,2.41,0.1,-46.95,,2.62,,3759.61,11.81,,23.28,22.38,22.38
449,22.38,23.28,23.02,22.38,21454.98,0.66,2.95,22.87,22.215999999999998,22.46,22564.68,17255.38,16592.33,2.86,0.1,-46.95,,2.62,,3759.61,11.81,,23.15,22.5,23.15
450,23.15,23.15,22.84,22.5,11566.83,-0.18,-0.78,22.94,22.281,22.487,20656.25,16975.49,16659.61,1.54,0.1,-46.95,,2.62,,3759.61,11.81,,23.56,22.72,22.72
451,22.72,23.56,23.42,22.72,23998.81,0.58,2.54,23.004,22.513,22.482,19328.94,17722.97,16503.46,3.19,0.1,-46.95,,2.62,,3759.61,11.81,,24.13,23.26,23.32
452,23.32,24.13,23.69,23.26,23506.71,0.27,1.15,23.066,22.747,22.471,19798.87,18880.53,16544.03,3.13,0.1,-46.95,,2.62,,3759.61,11.81,,23.75,23.08,23.7
453,23.7,23.75,23.49,23.08,16645.1,-0.2,-0.84,23.291999999999998,22.949,22.461,19434.49,19631.42,16521.54,2.22,0.1,-46.95,,2.62,,3759.61,11.81,,23.79,23.4,23.61
454,23.61,23.79,23.53,23.4,19803.49,0.04,0.17,23.394000000000002,23.131999999999998,22.459,19104.19,20834.44,16976.37,2.64,0.1,-46.95,,2.62,,3759.61,11.81,,23.59,23.01,23.54
455,23.54,23.59,23.19,23.01,19397.72,-0.34,-1.45,23.464000000000002,23.201999999999998,22.493000000000002,20670.37,20663.31,17296.66,2.58,0.1,-46.95,,2.62,,3759.61,11.81,,23.74,22.0,23.2
456,23.2,23.74,22.69,22.0,21758.66,-0.5,-2.16,23.318,23.160999999999998,22.544,20222.34,19775.64,17591.95,2.9,0.1,-46.95,,2.62,,3759.61,11.81,,23.22,21.9,22.86
457,22.86,23.22,22.5,21.9,20286.39,-0.19,-0.84,23.08,23.073,22.575,19578.27,19688.57,17838.63,2.7,0.1,-46.95,,2.62,,3759.61,11.81,,11.31,10.84,11.3
458,11.3,11.31,11.15,10.84,42699.3,-0.16,-1.42,20.612,21.951999999999998,22.038,24789.11,22111.8,19337.7,2.87,0.1,-46.95,,2.62,,3759.61,11.81,,11.93,10.93,11.1
459,11.1,11.93,11.76,10.93,72537.7,0.61,5.47,18.258,20.826,21.521,35335.95,27220.07,22237.72,4.88,0.1,-46.95,,2.62,,3759.61,11.81,,11.74,11.19,11.59
460,11.59,11.74,11.31,11.19,51836.56,-0.45,-3.83,15.882,19.673,20.976999999999997,41823.72,31247.04,24111.27,3.49,0.1,-46.95,,2.62,,3759.61,11.81,,11.39,11.18,11.29
461,11.29,11.39,11.19,11.18,24540.1,-0.12,-1.06,13.582,18.45,20.482,42380.01,31301.17,24512.07,1.65,0.1,-46.95,,2.62,,3759.61,11.81,,11.16,10.97,11.15
462,11.15,11.16,11.11,10.97,22769.03,-0.08,-0.71,11.304,17.192,19.97,42876.54,31227.41,25053.97,1.53,0.1,-46.95,,2.62,,3759.61,11.81,,11.26,11.01,11.04
463,11.04,11.26,11.19,11.01,19950.39,0.08,0.72,11.312000000000001,15.962,19.456,38326.76,31557.93,25594.68,1.34,0.1,-46.95,,2.62,,3759.61,11.81,,11.18,10.99,11.18
464,11.18,11.18,11.02,10.99,18851.81,-0.17,-1.52,11.164000000000001,14.710999999999999,18.922,27589.58,31462.77,26148.6,1.27,0.1,-46.95,,2.62,,3759.61,11.81,,11.13,10.95,11.02
465,11.02,11.13,11.11,10.95,18822.59,0.09,0.82,11.124,13.503,18.352999999999998,20986.78,31405.25,26034.28,1.27,0.1,-46.95,,2.62,,3759.61,11.81,,11.12,10.9,11.09
466,11.09,11.12,11.0,10.9,26326.95,-0.11,-0.99,11.085999999999999,12.334000000000001,17.748,21344.15,31862.08,25818.86,1.77,0.1,-46.95,,2.62,,3759.61,11.81,,11.03,10.83,10.96
467,10.96,11.03,10.92,10.83,29387.79,-0.08,-0.73,11.048,11.175999999999998,17.125,22667.91,32772.22,26230.4,1.98,0.1,-46.95,,2.62,,3759.61,11.81,,10.92,10.6,10.92
468,10.92,10.92,10.68,10.6,24860.99,-0.24,-2.2,10.946,11.129000000000001,16.541,23650.03,30988.39,26550.1,1.67,0.1,-46.95,,2.62,,3759.61,11.81,,10.85,10.56,10.71
469,10.71,10.85,10.56,10.56,17575.56,-0.12,-1.12,10.854000000000001,11.009,15.918,23394.78,25492.18,26356.12,1.18,0.1,-46.95,,2.62,,3759.61,11.81,,10.64,10.34,10.55
470,10.55,10.64,10.46,10.34,27706.2,-0.1,-0.95,10.724,10.924000000000001,15.299000000000001,25171.5,23079.14,27163.09,1.86,0.1,-46.95,,2.62,,3759.61,11.81,,10.53,10.24,10.5
471,10.5,10.53,10.28,10.24,26562.46,-0.18,-1.72,10.58,10.833,14.642000000000001,25218.6,23281.38,27291.27,1.79,0.1,-46.95,,2.62,,3759.61,11.81,,10.49,10.28,10.33
472,10.33,10.49,10.31,10.28,18938.58,0.03,0.29,10.458,10.753,13.972999999999999,23128.76,22898.33,27062.87,1.27,0.1,-46.95,,2.62,,3759.61,11.81,,10.3,9.28,10.28
473,10.28,10.3,9.4,9.28,49216.91,-0.91,-8.83,10.202,10.574000000000002,13.267999999999999,27999.94,25824.98,28691.46,3.31,0.1,-46.95,,2.62,,3759.61,11.81,,9.43,9.14,9.3
474,9.3,9.43,9.4,9.14,27296.57,0.0,0.0,9.97,10.412,12.562000000000001,29944.14,26669.46,29066.11,1.84,0.1,-46.95,,2.62,,3759.61,11.81,,9.45,9.21,9.32
475,9.32,9.45,9.44,9.21,33994.75,0.04,0.43,9.766,10.245,11.874,31201.85,28186.68,29795.96,2.29,0.1,-46.95,,2.62,,3759.61,11.81,,9.59,9.33,9.4
476,9.4,9.59,9.33,9.33,27378.36,-0.11,-1.17,9.576,10.078,11.206,31365.03,28291.82,30076.95,1.84,0.1,-46.95,,2.62,,3759.61,11.81,,9.41,9.16,9.4
477,9.4,9.41,9.18,9.16,23323.75,-0.15,-1.61,9.35,9.904,10.54,32242.07,27685.41,30228.82,1.57,0.1,-46.95,,2.62,,3759.61,11.81,,9.28,9.1,9.12
478,9.12,9.28,9.26,9.1,16276.77,0.08,0.87,9.322000000000001,9.762,10.446,25654.04,26826.99,28907.69,1.09,0.1,-46.95,,2.62,,3759.61,11.81,,9.31,9.2,9.23
479,9.23,9.31,9.28,9.2,13063.54,0.02,0.22,9.298,9.634,10.322000000000001,22807.43,26375.79,25933.98,0.88,0.1,-46.95,,2.62,,3759.61,11.81,,9.35,9.2,9.28
480,9.28,9.35,9.34,9.2,14402.02,0.06,0.65,9.277999999999999,9.522,10.222999999999999,18888.89,25045.37,24062.26,0.97,0.1,-46.95,,2.62,,3759.61,11.81,,9.74,9.29,9.54
481,9.54,9.74,9.72,9.29,38016.06,0.38,4.07,9.356,9.466000000000001,10.15,21016.43,26190.73,24736.05,2.56,0.1,-46.95,,2.62,,3759.61,11.81,,9.78,9.54,9.73
482,9.73,9.78,9.54,9.54,23848.51,-0.18,-1.85,9.427999999999999,9.389,10.071,21121.38,26681.72,24790.03,1.6,0.1,-46.95,,2.62,,3759.61,11.81,,9.63,9.5,9.54
483,9.54,9.63,9.52,9.5,13027.7,-0.02,-0.21,9.48,9.401,9.988,20471.57,23062.8,24443.89,0.88,0.1,-46.95,,2.62,,3759.61,11.81,,9.61,9.49,9.57
484,9.57,9.61,9.55,9.49,13155.66,0.03,0.32,9.533999999999999,9.416,9.914,20489.99,21648.71,24159.09,0.88,0.1,-46.95,,2.62,,3759.61,11.81,,9.58,9.34,9.55
485,9.55,9.58,9.38,9.34,15783.3,-0.17,-1.78,9.542,9.41,9.828,20766.25,19827.57,24007.12,1.06,0.1,-46.95,,2.62,,3759.61,11.81,,9.62,9.38,9.38
486,9.38,9.62,9.47,9.38,17986.9,0.09,0.96,9.492,9.424,9.751,16760.41,18888.42,23590.12,1.21,0.1,-46.95,,2.62,,3759.61,11.81,,9.47,9.31,9.43
487,9.43,9.47,9.31,9.31,19430.93,-0.16,-1.69,9.446,9.437000000000001,9.671,15876.9,18499.14,23092.28,1.31,0.1,-46.95,,2.62,,3759.61,11.81,,9.47,9.3,9.3
488,9.3,9.47,9.35,9.3,10194.42,0.04,0.43,9.412,9.446,9.604,15310.24,17890.9,22358.95,0.69,0.1,-46.95,,2.62,,3759.61,11.81,,9.49,9.33,9.44
489,9.44,9.49,9.47,9.33,17366.89,0.12,1.28,9.396,9.465,9.55,16152.49,18321.24,22348.51,1.17,0.1,-46.95,,2.62,,3759.61,11.81,,9.96,9.42,9.47
490,9.47,9.96,9.72,9.42,52083.61,0.25,2.64,9.464,9.503,9.513,23412.55,22089.4,23567.38,3.5,0.1,-46.95,,2.62,,3759.61,11.81,,9.75,9.45,9.65
491,9.65,9.75,9.53,9.45,31204.32,-0.19,-1.96,9.476,9.484,9.475,26056.03,21408.22,23799.48,2.1,0.1,-46.95,,2.62,,3759.61,11.81,,9.53,9.33,9.38
492,9.38,9.53,9.34,9.33,18646.14,-0.19,-1.99,9.482000000000001,9.464,9.427,25899.08,20887.99,23784.86,1.25,0.1,-46.95,,2.62,,3759.61,11.81,,9.72,9.33,9.33
493,9.33,9.72,9.65,9.33,29419.63,0.31,3.32,9.542,9.477,9.439,29744.12,22527.18,22794.99,1.98,0.1,-46.95,,2.62,,3759.61,11.81,,9.92,9.57,9.61
494,9.61,9.92,9.84,9.57,39686.56,0.19,1.97,9.616,9.506,9.461,34208.05,25180.27,23414.49,2.67,0.1,-46.95,,2.62,,3759.61,11.81,,9.98,9.71,9.79
495,9.79,9.98,9.92,9.71,43635.42,0.08,0.81,9.656,9.56,9.485,32518.41,27965.48,23896.52,2.94,0.1,-46.95,,2.62,,3759.61,11.81,,10.12,9.89,9.91
496,9.91,10.12,10.03,9.89,39289.73,0.11,1.11,9.756,9.616,9.52,34135.5,30095.76,24492.09,2.64,0.1,-46.95,,2.62,,3759.61,11.81,,10.06,9.91,9.93
497,9.93,10.06,9.94,9.91,27897.47,-0.09,-0.9,9.876,9.679,9.558,35985.76,30942.42,24720.78,1.88,0.1,-46.95,,2.62,,3759.61,11.81,,10.12,9.94,10.1
498,10.1,10.12,10.0,9.94,21242.12,0.06,0.6,9.946,9.744,9.595,34350.26,32047.19,24969.05,1.43,0.1,-46.95,,2.62,,3759.61,11.81,,10.04,9.85,10.03
499,10.03,10.04,9.88,9.85,22780.96,-0.12,-1.2,9.954,9.785,9.625,30969.14,32588.6,25454.92,1.53,0.1,-46.95,,2.62,,3759.61,11.81,,10.25,9.8,9.87
500,9.87,10.25,10.04,9.8,35332.24,0.16,1.62,9.978,9.817,9.66,29308.5,30913.46,26501.43,2.38,0.1,-46.95,,2.62,,3759.61,11.81,,11.04,10.65,10.65
501,10.65,11.04,11.04,10.65,80991.28,1.0,9.96,10.18,9.968,9.726,37648.81,35892.16,28650.19,5.45,0.1,-46.95,,2.62,,3759.61,11.81,,11.78,11.2,11.48
502,11.48,11.78,11.48,11.2,240616.73,0.44,3.99,10.488,10.182,9.823,80192.67,58089.21,39488.6,16.19,0.1,-46.95,,2.62,,3759.61,11.81,,11.43,11.03,11.07
503,11.07,11.43,11.29,11.03,147389.55,-0.19,-1.66,10.745999999999999,10.345999999999998,9.912,105422.15,69886.21,46206.69,9.91,,,,,,,,,11.55,11.08,11.15
504,11.15,11.55,11.08,11.08,109237.71,-0.21,-1.86,10.985999999999999,10.47,9.988,122713.5,76841.32,51010.8,7.35,,,,,,,,,11.4,11.05,11.07
505,11.07,11.4,11.11,11.05,66538.79,0.03,0.27,11.2,10.589,10.075,128954.81,79131.66,53548.57,4.48,,,,,,,,,11.2,10.92,11.04
506,11.04,11.2,11.08,10.92,54911.97,-0.03,-0.27,11.208,10.694,10.155,123738.95,80693.88,55394.82,3.69,,,,,,,,,11.15,10.91,11.08
507,11.08,11.15,11.14,10.91,65388.64,0.06,0.54,11.14,10.814,10.247,88693.33,84443.0,57692.71,4.4,,,,,,,,,11.58,11.16,11.16
508,11.16,11.58,11.53,11.16,113179.93,0.39,3.5,11.187999999999999,10.967,10.356,81851.41,93636.78,62841.98,7.61,,,,,,,,,11.5,11.23,11.5
509,11.5,11.5,11.37,11.23,62319.41,-0.16,-1.39,11.245999999999999,11.116,10.450999999999999,72467.75,97590.63,65089.61,4.19,,,,,,,,,11.38,11.18,11.35
510,11.35,11.38,11.3,11.18,40148.84,-0.07,-0.62,11.284,11.242,10.53,67189.76,98072.29,64492.87,2.7,,,,,,,,,11.85,11.26,11.38
511,11.38,11.85,11.49,11.26,122900.34,0.19,1.68,11.366,11.287,10.628,80787.43,102263.19,69077.67,8.27,,,,,,,,,11.98,11.26,11.48
512,11.48,11.98,11.96,11.26,122419.7,0.47,4.09,11.53,11.335,10.759,92193.64,90443.49,74266.35,8.23,,,,,,,,,12.59,11.74,11.99
513,11.99,12.59,12.43,11.74,160871.84,0.47,3.93,11.71,11.449000000000002,10.898,101732.03,91791.72,80838.96,10.82,,,,,,,,,12.75,12.09,12.63
514,12.63,12.75,12.12,12.09,180583.64,-0.31,-2.49,11.86,11.552999999999999,11.012,125384.87,98926.31,87883.82,12.15,,,,,,,,,12.35,12.08,12.08
515,12.08,12.35,12.24,12.08,67940.16,0.12,0.99,12.048,11.665999999999999,11.128,130943.14,99066.45,89099.05,4.57,,,,,,,,,12.35,11.86,12.35
516,12.35,12.35,11.89,11.86,69418.14,-0.35,-2.86,12.128,11.747,11.220999999999998,120246.7,100517.06,90605.47,4.67,,,,,,,,,11.97,11.62,11.9
517,11.9,11.97,11.7,11.62,50028.29,-0.19,-1.6,12.075999999999999,11.802999999999999,11.309000000000001,105768.41,98981.03,91712.01,3.37,,,,,,,,,11.9,11.58,11.69
518,11.69,11.9,11.75,11.58,31125.26,0.05,0.43,11.94,11.825,11.395999999999999,79819.1,90775.56,92206.17,2.09,,,,,,,,,11.84,11.64,11.75
519,11.75,11.84,11.76,11.64,27230.86,0.01,0.09,11.868,11.864,11.49,49148.54,87266.71,92428.67,1.83,,,,,,,,,12.2,11.77,11.77
520,11.77,12.2,12.13,11.77,58169.39,0.37,3.15,11.845999999999998,11.947000000000001,11.595,47194.39,89068.76,93570.52,3.91,,,,,,,,,12.16,11.68,12.14
521,12.14,12.16,11.7,11.68,41289.45,-0.43,-3.54,11.808,11.968,11.628,41568.65,80907.67,91585.43,2.78,,,,,,,,,11.8,11.6,11.69
522,11.69,11.8,11.69,11.6,27557.58,-0.01,-0.09,11.806,11.940999999999999,11.638,37074.51,71421.46,80932.47,1.85,,,,,,,,,11.78,11.24,11.7
523,11.7,11.78,11.24,11.24,27960.01,-0.45,-3.85,11.704,11.822000000000001,11.636,36441.46,58130.28,74961.0,1.88,,,,,,,,,11.38,11.03,11.37
524,11.37,11.38,11.17,11.03,24667.07,-0.07,-0.62,11.585999999999999,11.727,11.64,35928.7,42538.62,70732.47,1.66,,,,,,,,,11.33,11.13,11.13
525,11.13,11.33,11.26,11.13,15865.75,0.09,0.81,11.412,11.629000000000001,11.648,27467.97,37331.18,68198.81,1.07,,,,,,,,,11.38,11.11,11.22
526,11.22,11.38,11.11,11.11,17471.19,-0.15,-1.33,11.294,11.550999999999998,11.649000000000001,22704.32,32136.48,66326.77,1.18,,,,,,,,,11.34,11.11,11.18
527,11.18,11.34,11.26,11.11,14066.97,0.15,1.35,11.208,11.507,11.655,20006.2,28540.35,63760.69,0.95,,,,,,,,,11.22,10.78,11.11
528,11.11,11.22,11.06,10.78,48114.68,-0.2,-1.78,11.172,11.437999999999999,11.632,24037.13,30239.3,60507.43,3.24,,,,,,,,,11.36,10.9,11.01
529,11.01,11.36,11.36,10.9,40122.99,0.3,2.71,11.21,11.398,11.630999999999998,27128.32,31528.51,59397.61,2.7,,,,,,,,,11.59,11.24,11.35
530,11.35,11.59,11.38,11.24,46335.07,0.02,0.18,11.234000000000002,11.323,11.635,33222.18,30345.08,59706.92,3.12,,,,,,,,,11.36,11.04,11.33
531,11.33,11.36,11.26,11.04,36699.1,-0.12,-1.05,11.264000000000001,11.279000000000002,11.624,37067.76,29886.04,55396.86,2.47,,,,,,,,,12.39,11.07,11.19
532,11.19,12.39,12.39,11.07,127462.68,1.13,10.04,11.49,11.349,11.645,59746.9,39876.55,55649.01,8.57,,,,,,,,,13.63,12.86,13.0
533,13.0,13.63,12.99,12.86,363763.44,0.6,4.84,11.876,11.524000000000001,11.673,122876.66,73456.89,65793.59,24.47,,,,,,,,,12.78,12.1,12.41
534,12.41,12.78,12.61,12.1,196447.48,-0.38,-2.92,12.126,11.668,11.698,154141.55,90634.94,66586.78,13.21,,,,,,,,,13.3,12.35,12.45
535,12.45,13.3,12.44,12.35,194231.72,-0.17,-1.35,12.338,11.786,11.708,183720.88,108471.53,72901.36,13.06,,,,,,,,,12.4,11.91,12.36
536,12.36,12.4,12.03,11.91,110020.6,-0.41,-3.3,12.492,11.878,11.715,198385.18,117726.47,74931.48,7.4,,,,,,,,,11.93,11.55,11.83
537,11.83,11.93,11.78,11.55,97763.44,-0.25,-2.08,12.37,11.93,11.719000000000001,192445.34,126096.12,77318.24,6.58,,,,,,,,,12.17,11.65,11.79
538,11.79,12.17,12.03,11.65,96320.6,0.25,2.12,12.177999999999999,12.027000000000001,11.732999999999999,138956.77,130916.71,80578.0,6.48,,,,,,,,,11.9,11.4,11.9
539,11.9,11.9,11.52,11.4,81837.74,-0.51,-4.24,11.96,12.043,11.720999999999998,116034.82,135088.19,83308.35,5.5,,,,,,,,,12.67,11.86,11.86
540,11.86,12.67,12.67,11.86,81545.41,1.15,9.98,12.005999999999998,12.172,11.748,93497.56,138609.22,84477.15,5.49,,,,,,,,,13.5,12.91,13.2
541,13.2,13.5,13.35,12.91,339783.72,0.68,5.37,12.27,12.380999999999998,11.83,139450.18,168917.68,99401.86,22.86,,,,,,,,,13.3,12.7,13.11
542,13.11,13.3,12.78,12.7,178893.09,-0.57,-4.27,12.47,12.42,11.885,155676.11,174060.72,106968.64,12.03,,,,,,,,,12.9,11.8,12.83
543,12.83,12.9,12.1,11.8,161124.84,-0.68,-5.32,12.484000000000002,12.331,11.927999999999999,168636.96,153796.86,113626.88,10.84,,,,,,,,,13.31,12.12,12.16
544,12.16,13.31,13.31,12.12,198099.8,1.21,10.0,12.842,12.401,12.035,191889.37,153962.1,122298.52,13.33,,,,,,,,,13.7,13.04,13.65
545,13.65,13.7,13.12,13.04,285879.41,-0.19,-1.43,12.932,12.469000000000001,12.128,232756.17,163126.87,135799.2,19.23,,,,,,,,,13.6,12.88,13.32
546,13.32,13.6,13.01,12.88,209923.78,-0.11,-0.84,12.864,12.567,12.222999999999999,206784.18,173117.18,145421.83,14.12,,,,,,,,,14.02,13.16,13.33
547,13.33,14.02,13.5,13.16,287869.88,0.49,3.77,13.008,12.739,12.335,228579.54,192127.83,159111.97,19.36,,,,,,,,,14.36,13.14,13.5
548,13.5,14.36,14.14,13.14,259685.31,0.64,4.74,13.415999999999999,12.95,12.489,248291.64,208464.3,169690.51,17.47,,,,,,,,,13.95,13.61,13.82
549,13.82,13.95,13.85,13.61,180763.62,-0.29,-2.05,13.524000000000001,13.183,12.613,244824.4,218356.89,176722.54,12.16,,,,,,,,,13.73,13.4,13.6
550,13.6,13.73,13.53,13.4,158457.22,-0.32,-2.31,13.606,13.269,12.720999999999998,219339.96,226048.07,182328.64,10.66,,,,,,,,,13.5,13.2,13.45
551,13.45,13.5,13.5,13.2,113485.57,-0.03,-0.22,13.704,13.284,12.833,200052.32,203418.25,186167.97,7.63,,,,,,,,,13.64,13.13,13.4
552,13.4,13.64,13.21,13.13,109236.95,-0.29,-2.15,13.645999999999999,13.327,12.874,164325.73,196452.64,185256.68,7.35,,,,,,,,,13.49,12.89,13.1
553,13.1,13.49,13.32,12.89,106993.69,0.11,0.83,13.482000000000001,13.449000000000002,12.89,133787.41,191039.52,172418.19,7.2,,,,,,,,,13.96,13.1,13.2
554,13.2,13.96,13.58,13.1,181014.88,0.26,1.95,13.427999999999999,13.475999999999999,12.939,133837.66,189331.03,171646.56,12.18,,,,,,,,,13.44,12.9,13.4
555,13.4,13.44,12.96,12.9,113986.62,-0.62,-4.57,13.314,13.46,12.965,124943.54,172141.75,167634.31,7.67,,,,,,,,,13.07,12.61,12.73
556,12.73,13.07,12.65,12.61,82234.83,-0.31,-2.39,13.144,13.424000000000001,12.995999999999999,118693.39,159372.86,166245.02,5.53,,,,,,,,,12.76,11.39,12.7
557,12.7,12.76,11.4,11.39,119380.18,-1.25,-9.88,12.782,13.214,12.977,120722.04,142523.89,167325.86,8.03,,,,,,,,,11.4,10.28,11.38
558,11.38,11.4,11.19,10.28,69699.22,-0.21,-1.84,12.356,12.919,12.935,113263.15,123525.28,165994.79,4.69,,,,,,,,,11.42,10.87,11.03
559,11.03,11.42,11.07,10.87,57013.95,-0.12,-1.07,11.854000000000001,12.640999999999998,12.912,88462.96,111150.31,164753.6,3.84,,,,,,,,,11.23,10.88,11.18
560,11.18,11.23,11.04,10.88,47608.79,-0.03,-0.27,11.47,12.392000000000001,12.831,75187.39,100065.47,163056.77,3.2,,,,,,,,,11.16,10.25,11.09
561,11.09,11.16,10.33,10.25,68584.49,-0.71,-6.43,11.005999999999998,12.075,12.68,72457.33,95575.36,149496.81,4.61,,,,,,,,,10.5,10.3,10.38
562,10.38,10.5,10.37,10.3,38516.2,0.04,0.39,10.8,11.790999999999999,12.559000000000001,56284.53,88503.29,142477.96,2.59,,,,,,,,,10.47,10.09,10.25
563,10.25,10.47,10.15,10.09,38917.24,-0.22,-2.12,10.592,11.474,12.462,50128.13,81695.64,136367.58,2.62,,,,,,,,,10.43,10.15,10.15
564,10.15,10.43,10.41,10.15,34368.02,0.26,2.56,10.46,11.157,12.317,45598.95,67030.95,128180.99,2.31,,,,,,,,,11.43,10.42,10.5
565,10.5,11.43,10.85,10.42,89196.53,0.44,4.23,10.422,10.946,12.203,53916.5,64551.94,118346.85,6.0,,,,,,,,,10.88,10.57,10.64
566,10.64,10.88,10.66,10.57,43208.7,-0.19,-1.75,10.488,10.747,12.085999999999999,48841.34,60649.33,110011.09,2.91,,,,,,,,,11.05,10.6,10.6
567,10.6,11.05,10.85,10.6,41770.84,0.19,1.78,10.584000000000001,10.692,11.953,49492.27,52888.4,97706.14,2.81,,,,,,,,,10.87,10.34,10.87
568,10.87,10.87,10.37,10.34,42381.37,-0.48,-4.42,10.628,10.61,11.765,50185.09,50156.61,86840.95,2.85,,,,,,,,,10.86,10.22,10.31
569,10.31,10.86,10.46,10.22,45556.72,0.09,0.87,10.638,10.549000000000001,11.595,52422.83,49010.89,80080.6,3.06,,,,,,,,,10.6,10.22,10.26
570,10.26,10.6,10.6,10.22,37849.04,0.14,1.34,10.588,10.505,11.449000000000002,42153.33,48034.91,74050.19,2.55,,,,,,,,,10.77,10.41,10.5
571,10.5,10.77,10.52,10.41,35326.42,-0.08,-0.76,10.56,10.524000000000001,11.3,40576.88,44709.11,70142.23,2.38,,,,,,,,,10.87,10.51,10.51
572,10.51,10.87,10.77,10.51,47056.42,0.25,2.38,10.544,10.564,11.177999999999999,41633.99,45563.13,67033.21,3.17,,,,,,,,,11.05,10.69,10.7
573,10.7,11.05,10.98,10.69,51483.11,0.21,1.95,10.665999999999999,10.647,11.061,43454.34,46819.72,64257.68,3.46,,,,,,,,,10.94,10.6,10.93
574,10.93,10.94,10.65,10.6,39951.96,-0.33,-3.0,10.704,10.671,10.914000000000001,42333.39,47378.11,57204.53,2.69,,,,,,,,,11.05,10.6,10.7
575,10.7,11.05,10.83,10.6,42974.55,0.18,1.69,10.75,10.669,10.808,43358.49,42755.91,53653.93,2.89,,,,,,,,,10.83,10.61,10.81
576,10.81,10.83,10.67,10.61,31088.21,-0.16,-1.48,10.78,10.67,10.709000000000001,42510.85,41543.86,51096.6,2.09,,,,,,,,,10.75,10.25,10.69
577,10.69,10.75,10.34,10.25,47419.07,-0.33,-3.09,10.694,10.619000000000002,10.655999999999999,42583.38,42108.69,47498.54,3.19,,,,,,,,,10.46,10.2,10.39
578,10.39,10.46,10.27,10.2,24743.01,-0.07,-0.68,10.552,10.609000000000002,10.61,37235.36,40344.85,45250.73,1.66,,,,,,,,,10.48,10.27,10.29
579,10.29,10.48,10.48,10.27,25743.72,0.21,2.04,10.517999999999999,10.610999999999999,10.58,34393.71,38363.55,43687.22,1.73,,,,,,,,,10.48,10.22,10.39
580,10.39,10.48,10.22,10.22,26097.09,-0.26,-2.48,10.395999999999999,10.573,10.539000000000001,31018.22,37188.36,42611.64,1.76,,,,,,,,,11.24,10.27,10.27
581,10.27,11.24,10.92,10.27,128837.58,0.7,6.85,10.446,10.613,10.569,50568.09,46539.47,45624.29,8.67,,,,,,,,,10.88,10.63,10.88
582,10.88,10.88,10.77,10.63,78366.16,-0.15,-1.37,10.532,10.613,10.589,56757.51,49670.45,47616.79,5.27,,,,,,,,,10.71,10.35,10.68
583,10.68,10.71,10.4,10.35,48615.36,-0.37,-3.44,10.558,10.555,10.600999999999999,61531.98,49383.67,48101.69,3.27,,,,,,,,,10.8,10.33,10.33
584,10.33,10.8,10.62,10.33,51806.21,0.22,2.12,10.585999999999999,10.552,10.612,66744.48,50569.1,48973.6,3.48,,,,,,,,,10.84,10.44,10.64
585,10.64,10.84,10.73,10.44,61050.01,0.11,1.04,10.687999999999999,10.542,10.606,73735.06,52376.64,47566.28,4.11,,,,,,,,,11.08,10.55,10.63
586,10.63,11.08,10.81,10.55,69799.41,0.08,0.75,10.665999999999999,10.556,10.613,61927.43,56247.76,48895.81,4.7,,,,,,,,,10.99,10.7,10.9
587,10.9,10.99,10.83,10.7,54678.26,0.02,0.18,10.677999999999999,10.605,10.612,57189.85,56973.68,49541.18,3.68,,,,,,,,,10.96,10.77,10.78
588,10.78,10.96,10.86,10.77,42129.1,0.03,0.28,10.77,10.664000000000001,10.637,55892.6,58712.29,49528.57,2.83,,,,,,,,,11.2,10.8,10.92
589,10.92,11.2,11.16,10.8,84371.71,0.3,2.76,10.878,10.732000000000001,10.672,62405.7,64575.09,51469.32,5.68,,,,,,,,,11.16,10.92,11.08
590,11.08,11.16,11.09,10.92,57952.73,-0.07,-0.63,10.95,10.819,10.696,61786.24,67760.65,52474.5,3.9,,,,,,,,,11.18,10.8,11.14
591,11.14,11.18,10.86,10.8,49665.38,-0.23,-2.07,10.96,10.812999999999999,10.713,57759.44,59843.43,53191.45,3.34,,,,,,,,,10.89,10.7,10.89
592,10.89,10.89,10.85,10.7,32599.15,-0.01,-0.09,10.964,10.821,10.717,53343.61,55266.73,52468.59,2.19,,,,,,,,,10.89,10.59,10.8
593,10.8,10.89,10.66,10.59,37981.85,-0.19,-1.75,10.924000000000001,10.847000000000001,10.700999999999999,52514.16,54203.38,51793.53,2.55,,,,,,,,,10.64,10.3,10.64
594,10.64,10.64,10.45,10.3,39528.1,-0.21,-1.97,10.782,10.83,10.690999999999999,43545.44,52975.57,51772.33,2.66,,,,,,,,,10.6,10.36,10.5
595,10.5,10.6,10.58,10.36,25288.15,0.13,1.24,10.68,10.815,10.679,37012.53,49399.38,50888.01,1.7,,,,,,,,,10.65,10.37,10.49
596,10.49,10.65,10.5,10.37,24553.6,-0.08,-0.76,10.607999999999999,10.784,10.67,31990.17,44874.8,50561.28,1.65,,,,,,,,,10.29,9.5,10.16
597,10.16,10.29,9.51,9.5,81951.59,-0.99,-9.43,10.34,10.652000000000001,10.629000000000001,41860.66,47602.14,52287.91,5.51,,,,,,,,,9.64,9.31,9.5
598,9.5,9.64,9.39,9.31,43017.52,-0.12,-1.26,10.086,10.505,10.585,42867.79,47690.98,53201.63,2.89,,,,,,,,,9.64,9.31,9.33
599,9.33,9.64,9.59,9.31,32187.43,0.2,2.13,9.914,10.347999999999999,10.54,41399.66,42472.55,53523.82,2.17,,,,,,,,,9.58,9.36,9.58
600,9.58,9.58,9.41,9.36,28496.71,-0.18,-1.88,9.68,10.18,10.5,42041.37,39526.95,53643.8,1.92,,,,,,,,,9.53,9.34,9.53
601,9.53,9.53,9.37,9.34,19148.53,-0.04,-0.42,9.454,10.031,10.422,40960.36,36475.26,48159.35,1.29,,,,,,,,,9.49,9.22,9.39
602,9.39,9.49,9.43,9.22,24432.09,0.06,0.64,9.437999999999999,9.889,10.355,29456.46,35658.56,45462.64,1.64,,,,,,,,,9.46,9.37,9.46
603,9.46,9.46,9.44,9.37,21269.17,0.01,0.11,9.448,9.767000000000001,10.307,25106.79,33987.29,44095.34,1.43,,,,,,,,,9.55,9.28,9.48
604,9.48,9.55,9.54,9.28,32493.41,0.1,1.06,9.437999999999999,9.676,10.253,25167.98,33283.82,43129.69,2.19,,,,,,,,,9.72,9.5,9.55
605,9.55,9.72,9.52,9.5,38183.43,-0.02,-0.21,9.46,9.57,10.193,27105.33,34573.35,41986.37,2.57,,,,,,,,,9.62,9.42,9.48
606,9.48,9.62,9.53,9.42,26801.48,0.01,0.1,9.492,9.472999999999999,10.129,28635.92,34798.14,39836.47,1.8,,,,,,,,,9.56,9.33,9.52
607,9.52,9.56,9.34,9.33,21847.97,-0.19,-1.99,9.474,9.456,10.054,28119.09,28787.77,38194.95,1.47,,,,,,,,,9.36,9.16,9.3
608,9.3,9.36,9.16,9.16,22594.21,-0.18,-1.93,9.418,9.433,9.969,28384.1,26745.44,37218.21,1.52,,,,,,,,,9.16,8.38,9.16
609,9.16,9.16,8.46,8.38,43165.91,-0.7,-7.64,9.202,9.32,9.834,30518.6,27843.29,35157.92,2.9,,,,,,,,,8.55,8.09,8.46
610,8.46,8.55,8.12,8.09,27126.24,-0.34,-4.02,8.922,9.191,9.686,28307.16,27706.24,33616.6,1.82,,,,,,,,,8.17,7.71,8.09
611,8.09,8.17,7.98,7.71,18193.01,-0.14,-1.72,8.612,9.052,9.542,26585.47,27610.69,32042.98,1.22,,,,,,,,,8.09,7.8,7.92
612,7.92,8.09,8.02,7.8,13181.64,0.04,0.5,8.347999999999999,8.911,9.4,24852.2,26485.65,31072.1,0.89,,,,,,,,,7.95,7.26,7.95
613,7.95,7.95,7.26,7.26,28979.66,-0.76,-9.48,7.968,8.693,9.23,26129.29,27256.7,30621.99,1.95,,,,,,,,,7.75,7.19,7.43
614,7.43,7.75,7.44,7.19,20150.82,0.18,2.48,7.763999999999999,8.482999999999999,9.08,21526.27,26022.44,29653.13,1.36,,,,,,,,,7.62,7.36,7.36
615,7.36,7.62,7.57,7.36,15214.47,0.13,1.75,7.654,8.288,8.929,19143.92,23725.54,29149.44,1.02,,,,,,,,,7.51,7.2,7.51
616,7.51,7.51,7.29,7.2,22728.28,-0.28,-3.7,7.516,8.064,8.769,20050.97,23318.22,29058.18,1.53,,,,,,,,,8.02,8.02,8.02
